[
  {
    "obj_id": "133",
    "obj_type": "Motorcycle",
    "psr": {
      "position": {
        "x": 1.0898688822031748,
        "y": 9.877613631006618,
        "z": -0.669512027220763
      },
      "rotation": {
        "x": 0,
        "y": 0,
        "z": 1.745329251994329
      },
      "scale": {
        "x": 2.180151190845205,
        "y": 0.9392525040505403,
        "z": 1.8090240526533872
      }
    }
  },
  {
    "obj_id": "144",
    "obj_type": "Car",
    "psr": {
      "position": {
        "x": -0.2231131863550001,
        "y": 15.5496668868172,
        "z": -0.43429975601471094
      },
      "rotation": {
        "x": 0.026099271466265533,
        "y": 0.0020538211370482715,
        "z": 1.6493093399860426
      },
      "scale": {
        "x": 3.3956695222109827,
        "y": 2.0035576396613557,
        "z": 1.47082285181069
      }
    }
  },
  {
    "obj_id": "146",
    "obj_type": "Car",
    "psr": {
      "position": {
        "x": -3.7663466024665206,
        "y": 14.586372573788477,
        "z": -0.6769999992847442
      },
      "rotation": {
        "x": 0,
        "y": 0,
        "z": 1.4922565104551515
      },
      "scale": {
        "x": 3.3753006427148806,
        "y": 1.5244397399370282,
        "z": 1.7360000014305115
      }
    }
  },
  {
    "obj_id": "147",
    "obj_type": "Car",
    "psr": {
      "position": {
        "x": -4.397380715550552,
        "y": -2.979813128214251,
        "z": -0.9484999775886536
      },
      "rotation": {
        "x": 0,
        "y": 0,
        "z": 1.4398966328953218
      },
      "scale": {
        "x": 5.7546578805839665,
        "y": 1.796091151890605,
        "z": 1.6089999675750732
      }
    }
  },
  {
    "obj_id": "148",
    "obj_type": "Car",
    "psr": {
      "position": {
        "x": -6.532643428874053,
        "y": -15.038182960548056,
        "z": -1.052499994635582
      },
      "rotation": {
        "x": 0,
        "y": 0,
        "z": 1.335176877775662
      },
      "scale": {
        "x": 3.1652056249486584,
        "y": 1.792038921281589,
        "z": 1.43299999833107
      }
    }
  },
  {
    "obj_id": "150",
    "obj_type": "Car",
    "psr": {
      "position": {
        "x": -4.03395271172104,
        "y": 25.744337857820874,
        "z": -0.7291844488993977
      },
      "rotation": {
        "x": 0,
        "y": 0,
        "z": 1.6406094968746705
      },
      "scale": {
        "x": 4.071065248599954,
        "y": 1.8383726427589338,
        "z": 2.260368883970518
      }
    }
  },
  {
    "obj_id": "151",
    "obj_type": "Car",
    "psr": {
      "position": {
        "x": 0.08974804623994714,
        "y": -18.0505730357595,
        "z": -1.1264999955892563
      },
      "rotation": {
        "x": 0,
        "y": 0,
        "z": 1.6493361431346416
      },
      "scale": {
        "x": 4.008101609604658,
        "y": 1.9998757731686336,
        "z": 1.7169999778270721
      }
    }
  },
  {
    "obj_id": "152",
    "obj_type": "Car",
    "psr": {
      "position": {
        "x": -1.6660179941086426,
        "y": -10.209520388224064,
        "z": -1.1489999890327454
      },
      "rotation": {
        "x": 0,
        "y": 0,
        "z": 1.387536755335492
      },
      "scale": {
        "x": 3.9467131365324883,
        "y": 1.7552197842360981,
        "z": 1.5379999876022339
      }
    }
  },
  {
    "obj_id": "153",
    "obj_type": "Car",
    "psr": {
      "position": {
        "x": -4.353189105990168,
        "y": 37.66776921454266,
        "z": -0.5429999828338623
      },
      "rotation": {
        "x": 0,
        "y": 0,
        "z": 1.701696020694471
      },
      "scale": {
        "x": 4.447076437252289,
        "y": 1.5848325935778815,
        "z": 2.6619999408721924
      }
    }
  },
  {
    "obj_id": "156",
    "obj_type": "Car",
    "psr": {
      "position": {
        "x": -16.562360759253846,
        "y": 5.780339882020106,
        "z": -1.3222856590773255
      },
      "rotation": {
        "x": 0.026170971665267204,
        "y": -0.0006852326763375193,
        "z": -1.5969672984601642
      },
      "scale": {
        "x": 5.20662037726583,
        "y": 1.723338843785093,
        "z": 1.7712882899557951
      }
    }
  },
  {
    "obj_id": "157",
    "obj_type": "Car",
    "psr": {
      "position": {
        "x": -13.186723852853902,
        "y": 14.659618782490725,
        "z": -0.9403993389133726
      },
      "rotation": {
        "x": 0,
        "y": 0,
        "z": -1.5446163880149815
      },
      "scale": {
        "x": 5.538241196726192,
        "y": 1.9189089422181318,
        "z": 1.5447986823566981
      }
    }
  },
  {
    "obj_id": "160",
    "obj_type": "Car",
    "psr": {
      "position": {
        "x": -11.542033805026074,
        "y": -13.349812275749375,
        "z": -1.2434999644756317
      },
      "rotation": {
        "x": 0,
        "y": 0,
        "z": -1.7016960206944711
      },
      "scale": {
        "x": 3.583451397822615,
        "y": 1.4431267331820958,
        "z": 1.4089999794960022
      }
    }
  },
  {
    "obj_id": "167",
    "obj_type": "Car",
    "psr": {
      "position": {
        "x": -13.635339455158832,
        "y": 27.251613021458674,
        "z": -0.6655000001192093
      },
      "rotation": {
        "x": 0,
        "y": 0,
        "z": -1.5446163880149815
      },
      "scale": {
        "x": 5.122468399380946,
        "y": 1.710483583559904,
        "z": 1.6130000054836273
      }
    }
  },
  {
    "obj_id": "180",
    "obj_type": "Car",
    "psr": {
      "position": {
        "x": -16.42006452332643,
        "y": 22.359247258419717,
        "z": -0.6680000051856041
      },
      "rotation": {
        "x": 0,
        "y": 0,
        "z": -1.544616388014982
      },
      "scale": {
        "x": 4.45172617118967,
        "y": 1.5684860119387407,
        "z": 1.7360000163316727
      }
    }
  },
  {
    "obj_id": "310",
    "obj_type": "Car",
    "psr": {
      "position": {
        "x": 10.96964389726874,
        "y": -5.597886073996547,
        "z": -0.5314999893307686
      },
      "rotation": {
        "x": 0,
        "y": 0,
        "z": 1.5969762655748114
      },
      "scale": {
        "x": 4.984509204127484,
        "y": 1.7782264815952447,
        "z": 1.430999979376793
      }
    }
  },
  {
    "obj_id": "323",
    "obj_type": "Car",
    "psr": {
      "position": {
        "x": 11.928739116191656,
        "y": -10.919346895792343,
        "z": -0.4196983920974542
      },
      "rotation": {
        "x": 0,
        "y": 0,
        "z": 0.4450589592585543
      },
      "scale": {
        "x": 4.211271903634607,
        "y": 1.767749076625482,
        "z": 1.8586031700287247
      }
    }
  },
  {
    "obj_id": "360",
    "obj_type": "Car",
    "psr": {
      "position": {
        "x": 9.713605697474337,
        "y": 31.428656628574387,
        "z": 0.6259999722242355
      },
      "rotation": {
        "x": 0,
        "y": 0,
        "z": -3.0630528372500483
      },
      "scale": {
        "x": 2.8678921292146917,
        "y": 1.615607911971316,
        "z": 1.9039999544620514
      }
    }
  }
]