[
  {
    "obj_id": "133",
    "obj_type": "Motorcycle",
    "psr": {
      "position": {
        "x": 0.6216048051096812,
        "y": 21.165538305558993,
        "z": -0.1740304725593411
      },
      "rotation": {
        "x": 0.06067010902899788,
        "y": 0.001838887452508114,
        "z": 1.5344565571678375
      },
      "scale": {
        "x": 2.180151190845205,
        "y": 0.9392525040505403,
        "z": 1.9476202364163484
      }
    }
  },
  {
    "obj_id": "144",
    "obj_type": "Car",
    "psr": {
      "position": {
        "x": -0.07843952255359561,
        "y": 29.207873008568168,
        "z": -0.08152778168169651
      },
      "rotation": {
        "x": -0.030607431115117753,
        "y": 0.0017295532964672609,
        "z": 1.58268583833499
      },
      "scale": {
        "x": 3.192769904917945,
        "y": 2.1177011146857234,
        "z": 1.5861408031389037
      }
    }
  },
  {
    "obj_id": "146",
    "obj_type": "Car",
    "psr": {
      "position": {
        "x": -3.509245227367585,
        "y": 16.8539790013877,
        "z": -0.6499999976158142
      },
      "rotation": {
        "x": 0,
        "y": 0,
        "z": 1.5969762655748116
      },
      "scale": {
        "x": 3.5214221110618373,
        "y": 1.6374162423060812,
        "z": 1.7360000014305115
      }
    }
  },
  {
    "obj_id": "147",
    "obj_type": "Car",
    "psr": {
      "position": {
        "x": -3.163916619760812,
        "y": -4.819334554820216,
        "z": -0.9904999881982803
      },
      "rotation": {
        "x": 0,
        "y": 0,
        "z": 1.5620696805349255
      },
      "scale": {
        "x": 4.399369031354023,
        "y": 1.796091151890605,
        "z": 1.6089999675750732
      }
    }
  },
  {
    "obj_id": "148",
    "obj_type": "Car",
    "psr": {
      "position": {
        "x": 0.03133709318444816,
        "y": -16.59873905204104,
        "z": -1.3447773446862532
      },
      "rotation": {
        "x": 0,
        "y": 0,
        "z": 1.544616388014982
      },
      "scale": {
        "x": 4.032310377523936,
        "y": 1.792038921281589,
        "z": 1.5615546683916715
      }
    }
  },
  {
    "obj_id": "149",
    "obj_type": "Car",
    "psr": {
      "position": {
        "x": -3.1331827175015405,
        "y": -17.337877739175383,
        "z": -1.2418819986522354
      },
      "rotation": {
        "x": 0,
        "y": 0,
        "z": 1.544616388014982
      },
      "scale": {
        "x": 4.4241108356987,
        "y": 1.6515031292583817,
        "z": 1.8097639725089385
      }
    }
  },
  {
    "obj_id": "150",
    "obj_type": "Car",
    "psr": {
      "position": {
        "x": -3.6014017514183823,
        "y": 29.627918237732143,
        "z": -0.11785289007499891
      },
      "rotation": {
        "x": 0,
        "y": 0,
        "z": 1.553343034274953
      },
      "scale": {
        "x": 4.033512193663896,
        "y": 1.8383726427589338,
        "z": 2.1177057496324196
      }
    }
  },
  {
    "obj_id": "153",
    "obj_type": "Car",
    "psr": {
      "position": {
        "x": -4.710646686606424,
        "y": 43.13275068571056,
        "z": -0.20436225054977486
      },
      "rotation": {
        "x": 0,
        "y": 0,
        "z": 1.5969762655748116
      },
      "scale": {
        "x": 4.693005582270039,
        "y": 2.8822470713562645,
        "z": 3.588724567856752
      }
    }
  },
  {
    "obj_id": "202",
    "obj_type": "Car",
    "psr": {
      "position": {
        "x": -12.378320258501391,
        "y": -14.293002394067692,
        "z": -1.195000022649765
      },
      "rotation": {
        "x": 0,
        "y": 0,
        "z": -1.4922565104551522
      },
      "scale": {
        "x": 3.8561215743630752,
        "y": 1.3757043101888953,
        "z": 1.484000027179718
      }
    }
  },
  {
    "obj_id": "208",
    "obj_type": "Car",
    "psr": {
      "position": {
        "x": -15.886489039836626,
        "y": -8.85784541125137,
        "z": -1.229500025510788
      },
      "rotation": {
        "x": 0,
        "y": 0,
        "z": -1.5969762655748116
      },
      "scale": {
        "x": 5.705489986007603,
        "y": 1.7257222526046418,
        "z": 1.7110000252723694
      }
    }
  },
  {
    "obj_id": "217",
    "obj_type": "Car",
    "psr": {
      "position": {
        "x": -12.7135690025968,
        "y": 4.494530409276061,
        "z": -1.2074999660253525
      },
      "rotation": {
        "x": 0,
        "y": 0,
        "z": -1.544616388014982
      },
      "scale": {
        "x": 5.4009250321877165,
        "y": 1.840090075988162,
        "z": 1.6069999039173126
      }
    }
  },
  {
    "obj_id": "228",
    "obj_type": "Car",
    "psr": {
      "position": {
        "x": -15.8938372264345,
        "y": 14.984095204323367,
        "z": -0.8261436720137395
      },
      "rotation": {
        "x": 0,
        "y": 0,
        "z": -1.5626671356331518
      },
      "scale": {
        "x": 5.697265482496915,
        "y": 1.65935375079833,
        "z": 1.5202873447427347
      }
    }
  },
  {
    "obj_id": "236",
    "obj_type": "Car",
    "psr": {
      "position": {
        "x": -12.923184733253299,
        "y": 25.611123581427275,
        "z": -0.8465000241994858
      },
      "rotation": {
        "x": 0,
        "y": 0,
        "z": -1.544616388014982
      },
      "scale": {
        "x": 3.956572923917194,
        "y": 1.6656131496873021,
        "z": 1.0490000545978546
      }
    }
  },
  {
    "obj_id": "330",
    "obj_type": "Car",
    "psr": {
      "position": {
        "x": 10.447913984876763,
        "y": 7.402357464528254,
        "z": -0.20383872215670668
      },
      "rotation": {
        "x": 0,
        "y": 0,
        "z": 3.0934339293832895
      },
      "scale": {
        "x": 3.6128679604011866,
        "y": 2.40008064201375,
        "z": 2.1243226205364403
      }
    }
  },
  {
    "obj_id": "341",
    "obj_type": "Car",
    "psr": {
      "position": {
        "x": 8.559672872933323,
        "y": 15.436565318065234,
        "z": -0.13299998641014102
      },
      "rotation": {
        "x": 0,
        "y": 0,
        "z": 1.5969762655748114
      },
      "scale": {
        "x": 4.221792243797962,
        "y": 1.513630024327118,
        "z": 1.5519999861717224
      }
    }
  },
  {
    "obj_id": "371",
    "obj_type": "Car",
    "psr": {
      "position": {
        "x": 9.659237806186047,
        "y": 11.783446427208391,
        "z": 0.036398569588902994
      },
      "rotation": {
        "x": -0.0002416563874254206,
        "y": -0.07853944533159896,
        "z": 3.138512618510169
      },
      "scale": {
        "x": 3.6145470586322546,
        "y": 2.009625233418508,
        "z": 1.912558109295521
      }
    }
  },
  {
    "obj_id": "390",
    "obj_type": "Pedestrian",
    "psr": {
      "position": {
        "x": 6.616027769148252,
        "y": 17.043797079967405,
        "z": -0.14350000023841858
      },
      "rotation": {
        "x": 0,
        "y": 0,
        "z": 1.5931220002553652
      },
      "scale": {
        "x": 0.8093966178791335,
        "y": 1.0718946054656846,
        "z": 1.612999975681305
      }
    }
  },
  {
    "obj_id": "421",
    "obj_type": "Car",
    "psr": {
      "position": {
        "x": 10.239682599427123,
        "y": 0.5078882794498416,
        "z": -0.5013471608198851
      },
      "rotation": {
        "x": 0,
        "y": 0,
        "z": -3.115412714809878
      },
      "scale": {
        "x": 2.240161822125661,
        "y": 2.033369714518549,
        "z": 1.9585457029268807
      }
    }
  }
]