[
  {
    "obj_id": "133",
    "obj_type": "Motorcycle",
    "psr": {
      "position": {
        "x": 0.5543013622281473,
        "y": 16.742564386748093,
        "z": -0.5688101325132888
      },
      "rotation": {
        "x": 0,
        "y": 0,
        "z": 1.6057029118347828
      },
      "scale": {
        "x": 2.180151190845205,
        "y": 0.9392525040505403,
        "z": 1.9476202364163484
      }
    }
  },
  {
    "obj_id": "144",
    "obj_type": "Car",
    "psr": {
      "position": {
        "x": -0.7330482952108727,
        "y": 23.12949166896825,
        "z": -0.3883417273268386
      },
      "rotation": {
        "x": 0,
        "y": 0,
        "z": 1.579564526419786
      },
      "scale": {
        "x": 4.776234731221913,
        "y": 2.1177011146857234,
        "z": 1.5794063243478118
      }
    }
  },
  {
    "obj_id": "146",
    "obj_type": "Car",
    "psr": {
      "position": {
        "x": -3.6497942030888506,
        "y": 16.378090262726808,
        "z": -0.7929999977350235
      },
      "rotation": {
        "x": 0,
        "y": 0,
        "z": 1.596976265574812
      },
      "scale": {
        "x": 3.5214221110618373,
        "y": 1.6374162423060812,
        "z": 1.7360000014305115
      }
    }
  },
  {
    "obj_id": "147",
    "obj_type": "Car",
    "psr": {
      "position": {
        "x": -3.3779346863755864,
        "y": -2.6437480429683387,
        "z": -0.9644999802112579
      },
      "rotation": {
        "x": 0,
        "y": 0,
        "z": 1.544616388014982
      },
      "scale": {
        "x": 4.399369031354023,
        "y": 1.796091151890605,
        "z": 1.6089999675750732
      }
    }
  },
  {
    "obj_id": "148",
    "obj_type": "Car",
    "psr": {
      "position": {
        "x": -4.124212896340168,
        "y": -15.344498654391828,
        "z": -1.0474999994039536
      },
      "rotation": {
        "x": 0,
        "y": 0,
        "z": 1.544616388014982
      },
      "scale": {
        "x": 3.307949977777847,
        "y": 1.792038921281589,
        "z": 1.43299999833107
      }
    }
  },
  {
    "obj_id": "150",
    "obj_type": "Car",
    "psr": {
      "position": {
        "x": -3.8363551229906157,
        "y": 28.329917222268357,
        "z": -0.4536497914152628
      },
      "rotation": {
        "x": 0,
        "y": 0,
        "z": 1.544616388014982
      },
      "scale": {
        "x": 4.033512193663896,
        "y": 1.8383726427589338,
        "z": 1.8572995709095965
      }
    }
  },
  {
    "obj_id": "152",
    "obj_type": "Car",
    "psr": {
      "position": {
        "x": -0.4958167400468483,
        "y": -14.091556956489057,
        "z": -1.141999989748001
      },
      "rotation": {
        "x": 0,
        "y": 0,
        "z": 1.4922565104551515
      },
      "scale": {
        "x": 3.9467131365324883,
        "y": 1.7552197842360981,
        "z": 1.5379999876022339
      }
    }
  },
  {
    "obj_id": "153",
    "obj_type": "Car",
    "psr": {
      "position": {
        "x": -4.618881138796951,
        "y": 41.389060615105336,
        "z": -0.853362299187165
      },
      "rotation": {
        "x": 0,
        "y": 0,
        "z": 1.544616388014982
      },
      "scale": {
        "x": 4.693005582270039,
        "y": 2.0326916742673986,
        "z": 3.588724567856752
      }
    }
  },
  {
    "obj_id": "175",
    "obj_type": "Car",
    "psr": {
      "position": {
        "x": -12.792217053512017,
        "y": -5.685699335275376,
        "z": -1.1495000049471855
      },
      "rotation": {
        "x": 0,
        "y": 0,
        "z": -1.5446163880149815
      },
      "scale": {
        "x": 4.163279491707444,
        "y": 1.7707030108302115,
        "z": 1.819000020623207
      }
    }
  },
  {
    "obj_id": "193",
    "obj_type": "Car",
    "psr": {
      "position": {
        "x": -12.858688223047535,
        "y": 18.156486583824584,
        "z": -0.9924999997019768
      },
      "rotation": {
        "x": 0,
        "y": 0,
        "z": -1.5446163880149815
      },
      "scale": {
        "x": 4.17888802037421,
        "y": 1.6624108598816498,
        "z": 1.5050000101327896
      }
    }
  },
  {
    "obj_id": "367",
    "obj_type": "Car",
    "psr": {
      "position": {
        "x": 12.166203547724395,
        "y": 16.545642799942478,
        "z": 0.14050000905990603
      },
      "rotation": {
        "x": 0,
        "y": 0,
        "z": -3.115412714809878
      },
      "scale": {
        "x": 6.625127363017576,
        "y": 2.347607013482305,
        "z": 2.159000039100647
      }
    }
  }
]