[
  {
    "obj_id": "133",
    "obj_type": "Motorcycle",
    "psr": {
      "position": {
        "x": 0.6618903244263179,
        "y": 13.979176390439651,
        "z": -0.6095120293069257
      },
      "rotation": {
        "x": 0,
        "y": 0,
        "z": 1.7540558982543015
      },
      "scale": {
        "x": 2.180151190845205,
        "y": 0.9392525040505403,
        "z": 1.8090240526533872
      }
    }
  },
  {
    "obj_id": "144",
    "obj_type": "Car",
    "psr": {
      "position": {
        "x": 0.36051657993232333,
        "y": 19.206119486156116,
        "z": -0.44484903012937216
      },
      "rotation": {
        "x": 0,
        "y": 0,
        "z": 1.6054583641227687
      },
      "scale": {
        "x": 3.3956695222109827,
        "y": 2.1177011146857234,
        "z": 1.6336980606163727
      }
    }
  },
  {
    "obj_id": "146",
    "obj_type": "Car",
    "psr": {
      "position": {
        "x": -3.6742786112136603,
        "y": 15.686363230969093,
        "z": -0.6940000057220459
      },
      "rotation": {
        "x": 0,
        "y": 0,
        "z": 1.5795229730548686
      },
      "scale": {
        "x": 3.5214221110618373,
        "y": 1.6374162423060812,
        "z": 1.7360000014305115
      }
    }
  },
  {
    "obj_id": "147",
    "obj_type": "Car",
    "psr": {
      "position": {
        "x": -3.60606399255812,
        "y": -1.9875547245810594,
        "z": -0.9224999868869781
      },
      "rotation": {
        "x": 0,
        "y": 0,
        "z": 1.4922565104551515
      },
      "scale": {
        "x": 4.399369031354023,
        "y": 1.796091151890605,
        "z": 1.6089999675750732
      }
    }
  },
  {
    "obj_id": "148",
    "obj_type": "Car",
    "psr": {
      "position": {
        "x": -5.192542684921136,
        "y": -15.026989485538024,
        "z": -1.1575000137090683
      },
      "rotation": {
        "x": 0,
        "y": 0,
        "z": 1.387536755335492
      },
      "scale": {
        "x": 3.307949977777847,
        "y": 1.792038921281589,
        "z": 1.43299999833107
      }
    }
  },
  {
    "obj_id": "150",
    "obj_type": "Car",
    "psr": {
      "position": {
        "x": -3.6738084692956363,
        "y": 27.306422237038305,
        "z": -0.21663021694638973
      },
      "rotation": {
        "x": 0,
        "y": 0,
        "z": 1.562069680534925
      },
      "scale": {
        "x": 4.033512193663896,
        "y": 1.8383726427589338,
        "z": 2.2360203615191
      }
    }
  },
  {
    "obj_id": "151",
    "obj_type": "Car",
    "psr": {
      "position": {
        "x": 0.035390208379449485,
        "y": -23.51495531752205,
        "z": -1.3514999896287918
      },
      "rotation": {
        "x": 0,
        "y": 0,
        "z": 1.5969762655748116
      },
      "scale": {
        "x": 4.008101609604658,
        "y": 1.9998757731686336,
        "z": 1.7169999778270721
      }
    }
  },
  {
    "obj_id": "152",
    "obj_type": "Car",
    "psr": {
      "position": {
        "x": -1.0872555954238123,
        "y": -12.35252151441614,
        "z": -1.25900000333786
      },
      "rotation": {
        "x": 0,
        "y": 0,
        "z": 1.4398966328953222
      },
      "scale": {
        "x": 3.9467131365324883,
        "y": 1.7552197842360981,
        "z": 1.5379999876022339
      }
    }
  },
  {
    "obj_id": "153",
    "obj_type": "Car",
    "psr": {
      "position": {
        "x": -3.9715862162687445,
        "y": 39.868906980187006,
        "z": 0.10436234591720656
      },
      "rotation": {
        "x": 0,
        "y": 0,
        "z": 1.701696020694471
      },
      "scale": {
        "x": 4.693005582270039,
        "y": 2.0326916742673986,
        "z": 3.588724567856752
      }
    }
  },
  {
    "obj_id": "157",
    "obj_type": "Car",
    "psr": {
      "position": {
        "x": -12.944411419268409,
        "y": -2.8062881332743643,
        "z": -1.386790735073362
      },
      "rotation": {
        "x": 0,
        "y": 0,
        "z": -1.5446163880149815
      },
      "scale": {
        "x": 4.165888689389995,
        "y": 1.9189089422181318,
        "z": 1.5975814711003982
      }
    }
  },
  {
    "obj_id": "171",
    "obj_type": "Car",
    "psr": {
      "position": {
        "x": -12.840355468631891,
        "y": 8.86828443043076,
        "z": -1.0704999854788184
      },
      "rotation": {
        "x": 0,
        "y": 0,
        "z": -1.5446163880149815
      },
      "scale": {
        "x": 4.566937392717157,
        "y": 1.7821340240535306,
        "z": 2.168999971821904
      }
    }
  },
  {
    "obj_id": "184",
    "obj_type": "Car",
    "psr": {
      "position": {
        "x": -15.941085464423136,
        "y": 2.1795878372325546,
        "z": -1.4355000257492065
      },
      "rotation": {
        "x": 0,
        "y": 0,
        "z": -1.5969762655748116
      },
      "scale": {
        "x": 4.7668502624005455,
        "y": 2.005938814123016,
        "z": 1.680999994277954
      }
    }
  },
  {
    "obj_id": "189",
    "obj_type": "Car",
    "psr": {
      "position": {
        "x": -13.221533977972141,
        "y": 32.939621912837694,
        "z": -0.9754999727010727
      },
      "rotation": {
        "x": 0,
        "y": 0,
        "z": -1.5446163880149815
      },
      "scale": {
        "x": 3.9214882229339345,
        "y": 1.7530673746129313,
        "z": 1.148999959230423
      }
    }
  },
  {
    "obj_id": "314",
    "obj_type": "Car",
    "psr": {
      "position": {
        "x": 10.758605560688277,
        "y": -13.518162195553462,
        "z": -0.5974999745376408
      },
      "rotation": {
        "x": 0,
        "y": 0,
        "z": 1.5446163880149817
      },
      "scale": {
        "x": 5.027350395541803,
        "y": 1.4257633810508583,
        "z": 1.2109999498352408
      }
    }
  },
  {
    "obj_id": "327",
    "obj_type": "Car",
    "psr": {
      "position": {
        "x": 11.588853838986108,
        "y": -19.082307131897565,
        "z": -0.3619999885559082
      },
      "rotation": {
        "x": 0,
        "y": 0,
        "z": 0.4450589592585543
      },
      "scale": {
        "x": 3.777234582681504,
        "y": 1.8962242379359249,
        "z": 1.5499999523162842
      }
    }
  },
  {
    "obj_id": "363",
    "obj_type": "Car",
    "psr": {
      "position": {
        "x": 11.172692728980886,
        "y": 23.934743651543595,
        "z": 0.24299997091293335
      },
      "rotation": {
        "x": 0,
        "y": 0,
        "z": -3.1154127148098785
      },
      "scale": {
        "x": 4.8091002085807215,
        "y": 2.255383346461803,
        "z": 1.5479999780654907
      }
    }
  }
]