[
  {
    "obj_id": "133",
    "obj_type": "Motorcycle",
    "psr": {
      "position": {
        "x": 0.5775264853333981,
        "y": 14.51176380847453,
        "z": -0.5508101115324537
      },
      "rotation": {
        "x": 0,
        "y": 0,
        "z": 1.963495408493621
      },
      "scale": {
        "x": 2.180151190845205,
        "y": 0.9392525040505403,
        "z": 1.9476202364163484
      }
    }
  },
  {
    "obj_id": "144",
    "obj_type": "Car",
    "psr": {
      "position": {
        "x": 0.04373054627012607,
        "y": 19.837401320887466,
        "z": -0.40084902410930323
      },
      "rotation": {
        "x": 0,
        "y": 0,
        "z": 1.5969762655748116
      },
      "scale": {
        "x": 3.3956695222109827,
        "y": 2.1177011146857234,
        "z": 1.6336980606163727
      }
    }
  },
  {
    "obj_id": "146",
    "obj_type": "Car",
    "psr": {
      "position": {
        "x": -3.6494779507143447,
        "y": 15.842870539967116,
        "z": -0.721000000834465
      },
      "rotation": {
        "x": 0,
        "y": 0,
        "z": 1.5707963267948961
      },
      "scale": {
        "x": 3.5214221110618373,
        "y": 1.6374162423060812,
        "z": 1.7360000014305115
      }
    }
  },
  {
    "obj_id": "147",
    "obj_type": "Car",
    "psr": {
      "position": {
        "x": -3.5419327470224027,
        "y": -2.0152374233005785,
        "z": -0.9784999787807465
      },
      "rotation": {
        "x": 0,
        "y": 0,
        "z": 1.4922565104551515
      },
      "scale": {
        "x": 4.399369031354023,
        "y": 1.796091151890605,
        "z": 1.6089999675750732
      }
    }
  },
  {
    "obj_id": "148",
    "obj_type": "Car",
    "psr": {
      "position": {
        "x": -5.0479872727260044,
        "y": -15.051836418296944,
        "z": -1.147499993443489
      },
      "rotation": {
        "x": 0,
        "y": 0,
        "z": 1.387536755335492
      },
      "scale": {
        "x": 3.307949977777847,
        "y": 1.792038921281589,
        "z": 1.43299999833107
      }
    }
  },
  {
    "obj_id": "150",
    "obj_type": "Car",
    "psr": {
      "position": {
        "x": -3.685266010972054,
        "y": 27.53403723764786,
        "z": -0.5130101616860636
      },
      "rotation": {
        "x": 0,
        "y": 0,
        "z": 1.5882496193148399
      },
      "scale": {
        "x": 4.033512193663896,
        "y": 1.8383726427589338,
        "z": 2.2360203615191
      }
    }
  },
  {
    "obj_id": "151",
    "obj_type": "Car",
    "psr": {
      "position": {
        "x": 0.3379508561979492,
        "y": -24.29228117887692,
        "z": -1.2129443080672377
      },
      "rotation": {
        "x": 0,
        "y": 0,
        "z": 1.4922565104551513
      },
      "scale": {
        "x": 4.008101609604658,
        "y": 1.9998757731686336,
        "z": 2.008111339519669
      }
    }
  },
  {
    "obj_id": "152",
    "obj_type": "Car",
    "psr": {
      "position": {
        "x": -1.0011065782914557,
        "y": -12.77821928060439,
        "z": -1.2029999792575836
      },
      "rotation": {
        "x": 0,
        "y": 0,
        "z": 1.4398966328953218
      },
      "scale": {
        "x": 3.9467131365324883,
        "y": 1.7552197842360981,
        "z": 1.5379999876022339
      }
    }
  },
  {
    "obj_id": "153",
    "obj_type": "Car",
    "psr": {
      "position": {
        "x": -4.534609089693731,
        "y": 40.18079607355571,
        "z": -0.9383622777294929
      },
      "rotation": {
        "x": 0,
        "y": 0,
        "z": 1.6493361431346416
      },
      "scale": {
        "x": 4.693005582270039,
        "y": 2.0326916742673986,
        "z": 3.588724567856752
      }
    }
  },
  {
    "obj_id": "172",
    "obj_type": "Car",
    "psr": {
      "position": {
        "x": -12.796400228609095,
        "y": 6.006547220497347,
        "z": -1.0944999437779188
      },
      "rotation": {
        "x": 0,
        "y": 0,
        "z": -1.5446163880149815
      },
      "scale": {
        "x": 4.446097521411154,
        "y": 1.8076191167584814,
        "z": 2.0969998873770237
      }
    }
  },
  {
    "obj_id": "178",
    "obj_type": "Car",
    "psr": {
      "position": {
        "x": -12.94215725965845,
        "y": -5.17200453973149,
        "z": -1.3297704257923408
      },
      "rotation": {
        "x": 0,
        "y": 0,
        "z": -1.7016960206944713
      },
      "scale": {
        "x": 3.002150351543291,
        "y": 1.538783768086061,
        "z": 1.403540809623012
      }
    }
  },
  {
    "obj_id": "185",
    "obj_type": "Car",
    "psr": {
      "position": {
        "x": -15.89303560361513,
        "y": -1.0663824351817657,
        "z": -1.3745000511407852
      },
      "rotation": {
        "x": 0,
        "y": 0,
        "z": -1.5969762655748116
      },
      "scale": {
        "x": 4.509020686115332,
        "y": 1.7170309654348723,
        "z": 1.7550000846385956
      }
    }
  },
  {
    "obj_id": "190",
    "obj_type": "Car",
    "psr": {
      "position": {
        "x": -13.076126544484744,
        "y": 30.00876974496568,
        "z": -0.9189999848604202
      },
      "rotation": {
        "x": 0,
        "y": 0,
        "z": -1.5446163880149815
      },
      "scale": {
        "x": 3.879491740376996,
        "y": 1.7154222963185748,
        "z": 1.0999999940395355
      }
    }
  },
  {
    "obj_id": "315",
    "obj_type": "Car",
    "psr": {
      "position": {
        "x": 11.148175396276967,
        "y": -14.84384775474321,
        "z": -0.6320000290870667
      },
      "rotation": {
        "x": 0,
        "y": 0,
        "z": 1.5969762655748114
      },
      "scale": {
        "x": 4.945268652290164,
        "y": 1.9770042109381953,
        "z": 1.1160000562667847
      }
    }
  },
  {
    "obj_id": "364",
    "obj_type": "Car",
    "psr": {
      "position": {
        "x": 11.33541664110924,
        "y": 22.411375372303034,
        "z": 0.18900001049041748
      },
      "rotation": {
        "x": 0,
        "y": 0,
        "z": -3.0630528372500483
      },
      "scale": {
        "x": 5.059643553203044,
        "y": 2.8585523784978673,
        "z": 1.5199999809265137
      }
    }
  }
]