[
  {
    "obj_id": "133",
    "obj_type": "Motorcycle",
    "psr": {
      "position": {
        "x": 0.6343650688697103,
        "y": 20.513802426868295,
        "z": -0.52160046851082
      },
      "rotation": {
        "x": 0.08256917536294821,
        "y": 0.00020670965580881566,
        "z": 1.5478702422984858
      },
      "scale": {
        "x": 2.180151190845205,
        "y": 0.9392525040505403,
        "z": 1.9476202364163484
      }
    }
  },
  {
    "obj_id": "144",
    "obj_type": "Car",
    "psr": {
      "position": {
        "x": -0.10033491481493602,
        "y": 28.1590307992209,
        "z": -0.2125732820948143
      },
      "rotation": {
        "x": -0.02185801109518245,
        "y": 0.0010895969184470731,
        "z": 1.5816309968147158
      },
      "scale": {
        "x": 3.192769904917945,
        "y": 2.1177011146857234,
        "z": 1.5861408031389037
      }
    }
  },
  {
    "obj_id": "146",
    "obj_type": "Car",
    "psr": {
      "position": {
        "x": -3.5502802235019275,
        "y": 16.960073612718336,
        "z": -0.5480000078678122
      },
      "rotation": {
        "x": 0,
        "y": 0,
        "z": 1.5969762655748116
      },
      "scale": {
        "x": 3.5214221110618373,
        "y": 1.6374162423060812,
        "z": 1.7360000014305115
      }
    }
  },
  {
    "obj_id": "147",
    "obj_type": "Car",
    "psr": {
      "position": {
        "x": -3.1776848781553326,
        "y": -4.511106493506759,
        "z": -0.9664999842643738
      },
      "rotation": {
        "x": 0.008723656007992384,
        "y": -0.00022843407063444872,
        "z": 1.5620706769313748
      },
      "scale": {
        "x": 4.399369031354023,
        "y": 1.796091151890605,
        "z": 1.6089999675750732
      }
    }
  },
  {
    "obj_id": "148",
    "obj_type": "Car",
    "psr": {
      "position": {
        "x": -0.042051811557533306,
        "y": -16.273967094021106,
        "z": -1.1392226610357927
      },
      "rotation": {
        "x": 0,
        "y": 0,
        "z": 1.550523813424685
      },
      "scale": {
        "x": 4.032310377523936,
        "y": 1.792038921281589,
        "z": 1.5615546683916715
      }
    }
  },
  {
    "obj_id": "149",
    "obj_type": "Car",
    "psr": {
      "position": {
        "x": -3.2434206722485284,
        "y": -17.0512873597069,
        "z": -1.14211794508098
      },
      "rotation": {
        "x": 0,
        "y": 0,
        "z": 1.53588974175501
      },
      "scale": {
        "x": 4.4241108356987,
        "y": 1.6515031292583817,
        "z": 1.8097639725089385
      }
    }
  },
  {
    "obj_id": "150",
    "obj_type": "Car",
    "psr": {
      "position": {
        "x": -3.7454576971054694,
        "y": 29.59585194377972,
        "z": -0.6898528869755574
      },
      "rotation": {
        "x": 0,
        "y": 0,
        "z": 1.5969762655748116
      },
      "scale": {
        "x": 4.033512193663896,
        "y": 1.8383726427589338,
        "z": 2.1177057496324196
      }
    }
  },
  {
    "obj_id": "153",
    "obj_type": "Car",
    "psr": {
      "position": {
        "x": -4.274920964682845,
        "y": 43.00383817040809,
        "z": -0.18336234210250923
      },
      "rotation": {
        "x": 0,
        "y": 0,
        "z": 1.5969762655748116
      },
      "scale": {
        "x": 4.693005582270039,
        "y": 2.8822470713562645,
        "z": 3.588724567856752
      }
    }
  },
  {
    "obj_id": "201",
    "obj_type": "Car",
    "psr": {
      "position": {
        "x": -12.286058735708746,
        "y": -9.214464234797186,
        "z": -1.1230000257492065
      },
      "rotation": {
        "x": 0,
        "y": 0,
        "z": -1.5969762655748116
      },
      "scale": {
        "x": 4.733492177772456,
        "y": 1.6205160130723675,
        "z": 1.6180000305175781
      }
    }
  },
  {
    "obj_id": "207",
    "obj_type": "Car",
    "psr": {
      "position": {
        "x": -15.932741044069695,
        "y": -4.031101158463506,
        "z": -1.1990000158548355
      },
      "rotation": {
        "x": 0,
        "y": 0,
        "z": -1.5446163880149815
      },
      "scale": {
        "x": 5.5871774049637315,
        "y": 1.7327521998764674,
        "z": 1.7720000445842743
      }
    }
  },
  {
    "obj_id": "216",
    "obj_type": "Car",
    "psr": {
      "position": {
        "x": -12.757234607789801,
        "y": 8.581377806598354,
        "z": -1.142999954521656
      },
      "rotation": {
        "x": 0,
        "y": 0,
        "z": -1.5446163880149815
      },
      "scale": {
        "x": 5.86705778919017,
        "y": 1.8897364888012682,
        "z": 1.893999919295311
      }
    }
  },
  {
    "obj_id": "226",
    "obj_type": "Car",
    "psr": {
      "position": {
        "x": -15.949558183880022,
        "y": 18.45535108317641,
        "z": -0.8554999940097332
      },
      "rotation": {
        "x": 0,
        "y": 0,
        "z": -1.5446163880149815
      },
      "scale": {
        "x": 3.6158305572810754,
        "y": 1.4979564535699428,
        "z": 1.568999983370304
      }
    }
  },
  {
    "obj_id": "328",
    "obj_type": "Car",
    "psr": {
      "position": {
        "x": 10.489867775370433,
        "y": 10.21298959044596,
        "z": -0.14350003004074097
      },
      "rotation": {
        "x": 0,
        "y": 0,
        "z": 3.115412714809878
      },
      "scale": {
        "x": 3.3858158531925007,
        "y": 1.9428971966098572,
        "z": 1.9190000295639038
      }
    }
  },
  {
    "obj_id": "340",
    "obj_type": "Car",
    "psr": {
      "position": {
        "x": 8.54383349590446,
        "y": 17.906859119571088,
        "z": -0.10049998760223386
      },
      "rotation": {
        "x": 0,
        "y": 0,
        "z": 1.5969762655748114
      },
      "scale": {
        "x": 4.216473720901924,
        "y": 1.5198862352123825,
        "z": 1.5809999704360962
      }
    }
  },
  {
    "obj_id": "371",
    "obj_type": "Car",
    "psr": {
      "position": {
        "x": 9.560547612032433,
        "y": 14.341259024378061,
        "z": -0.13827903605111133
      },
      "rotation": {
        "x": 0,
        "y": 0,
        "z": 3.115412714809878
      },
      "scale": {
        "x": 3.3537100844728642,
        "y": 2.009625233418508,
        "z": 1.912558109295521
      }
    }
  },
  {
    "obj_id": "391",
    "obj_type": "Pedestrian",
    "psr": {
      "position": {
        "x": 6.551499848595421,
        "y": 19.131325744799533,
        "z": -0.1444999873638153
      },
      "rotation": {
        "x": 0,
        "y": 0,
        "z": 1.7540558982543013
      },
      "scale": {
        "x": 0.5025652290803084,
        "y": 0.993475904854901,
        "z": 1.553000032901764
      }
    }
  },
  {
    "obj_id": "421",
    "obj_type": "Car",
    "psr": {
      "position": {
        "x": 11.8632514278131,
        "y": 3.016602801247302,
        "z": -0.13699996471405024
      },
      "rotation": {
        "x": 0,
        "y": 0,
        "z": -3.115412714809878
      },
      "scale": {
        "x": 5.412747338272945,
        "y": 2.033369714518549,
        "z": 2.5260000228881836
      }
    }
  }
]