[
  {
    "obj_id": "133",
    "obj_type": "Motorcycle",
    "psr": {
      "position": {
        "x": 0.678304252591434,
        "y": 15.43269103799749,
        "z": -0.6088101214864294
      },
      "rotation": {
        "x": 0,
        "y": 0,
        "z": 1.6406094968746705
      },
      "scale": {
        "x": 2.180151190845205,
        "y": 0.9392525040505403,
        "z": 1.9476202364163484
      }
    }
  },
  {
    "obj_id": "144",
    "obj_type": "Car",
    "psr": {
      "position": {
        "x": -0.15314225561344397,
        "y": 20.658764714191612,
        "z": -0.3216409986621714
      },
      "rotation": {
        "x": 0.04349889447868273,
        "y": 0.0034223443695506747,
        "z": 1.6492616972247622
      },
      "scale": {
        "x": 3.3956695222109827,
        "y": 2.1177011146857234,
        "z": 1.5794063243478118
      }
    }
  },
  {
    "obj_id": "146",
    "obj_type": "Car",
    "psr": {
      "position": {
        "x": -3.6553501553095926,
        "y": 16.076519809994853,
        "z": -0.7030000048875809
      },
      "rotation": {
        "x": 0,
        "y": 0,
        "z": 1.570796326794897
      },
      "scale": {
        "x": 3.5214221110618373,
        "y": 1.6374162423060812,
        "z": 1.7360000014305115
      }
    }
  },
  {
    "obj_id": "147",
    "obj_type": "Car",
    "psr": {
      "position": {
        "x": -3.4915456041862853,
        "y": -2.2595176944337254,
        "z": -0.9294999796152115
      },
      "rotation": {
        "x": 0,
        "y": 0,
        "z": 1.4922565104551515
      },
      "scale": {
        "x": 4.399369031354023,
        "y": 1.796091151890605,
        "z": 1.6089999675750732
      }
    }
  },
  {
    "obj_id": "148",
    "obj_type": "Car",
    "psr": {
      "position": {
        "x": -4.681416139079147,
        "y": -15.114413560618686,
        "z": -1.0964999943971634
      },
      "rotation": {
        "x": 0,
        "y": 0,
        "z": 1.4398966328953218
      },
      "scale": {
        "x": 3.307949977777847,
        "y": 1.792038921281589,
        "z": 1.43299999833107
      }
    }
  },
  {
    "obj_id": "150",
    "obj_type": "Car",
    "psr": {
      "position": {
        "x": -3.743240833443338,
        "y": 27.807917768310425,
        "z": -0.47592938585381084
      },
      "rotation": {
        "x": 0,
        "y": 0,
        "z": 1.5969762655748116
      },
      "scale": {
        "x": 4.033512193663896,
        "y": 1.8383726427589338,
        "z": 1.8572995709095965
      }
    }
  },
  {
    "obj_id": "151",
    "obj_type": "Car",
    "psr": {
      "position": {
        "x": 0.1866835766711788,
        "y": -25.97852117003252,
        "z": -1.1380556730976945
      },
      "rotation": {
        "x": 0,
        "y": 0,
        "z": 1.2828170002158323
      },
      "scale": {
        "x": 4.008101609604658,
        "y": 2.2795100742047323,
        "z": 2.008111339519669
      }
    }
  },
  {
    "obj_id": "152",
    "obj_type": "Car",
    "psr": {
      "position": {
        "x": -0.6852349666839928,
        "y": -13.215634344404862,
        "z": -1.2209999859333038
      },
      "rotation": {
        "x": 0,
        "y": 0,
        "z": 1.4922565104551515
      },
      "scale": {
        "x": 3.9467131365324883,
        "y": 1.7552197842360981,
        "z": 1.5379999876022339
      }
    }
  },
  {
    "obj_id": "153",
    "obj_type": "Car",
    "psr": {
      "position": {
        "x": -4.145573768275321,
        "y": 40.45604639936769,
        "z": -0.15836224673507754
      },
      "rotation": {
        "x": 0,
        "y": 0,
        "z": 1.6929693744344996
      },
      "scale": {
        "x": 4.366958295114864,
        "y": 1.834354058067882,
        "z": 3.588724567856752
      }
    }
  },
  {
    "obj_id": "173",
    "obj_type": "Car",
    "psr": {
      "position": {
        "x": -12.702925052128856,
        "y": 1.3372526918654453,
        "z": -1.2020000219345093
      },
      "rotation": {
        "x": 0,
        "y": 0,
        "z": -1.5446163880149815
      },
      "scale": {
        "x": 5.012799038658272,
        "y": 1.634208548058413,
        "z": 1.8380000591278076
      }
    }
  },
  {
    "obj_id": "186",
    "obj_type": "Car",
    "psr": {
      "position": {
        "x": -15.97932498193178,
        "y": -5.516345244293569,
        "z": -1.2954999804496765
      },
      "rotation": {
        "x": 0,
        "y": 0,
        "z": -1.5969762655748116
      },
      "scale": {
        "x": 3.7273548425397056,
        "y": 1.7434049947176593,
        "z": 1.8109999895095825
      }
    }
  },
  {
    "obj_id": "191",
    "obj_type": "Car",
    "psr": {
      "position": {
        "x": -13.008114850284217,
        "y": 25.75855223499353,
        "z": -0.9630000293254852
      },
      "rotation": {
        "x": 0,
        "y": 0,
        "z": -1.5446163880149815
      },
      "scale": {
        "x": 4.094835867089193,
        "y": 1.769064721482355,
        "z": 1.2700000405311584
      }
    }
  },
  {
    "obj_id": "316",
    "obj_type": "Car",
    "psr": {
      "position": {
        "x": 11.2019159190788,
        "y": -16.57768672133091,
        "z": -0.6740000173449516
      },
      "rotation": {
        "x": 0,
        "y": 0,
        "z": 1.605702911834783
      },
      "scale": {
        "x": 4.320433290302828,
        "y": 2.0493063172058057,
        "z": 1.1840000301599503
      }
    }
  },
  {
    "obj_id": "365",
    "obj_type": "Car",
    "psr": {
      "position": {
        "x": 11.739414225696965,
        "y": 20.181852655391147,
        "z": 0.18099999427795413
      },
      "rotation": {
        "x": 0,
        "y": 0,
        "z": -3.0630528372500483
      },
      "scale": {
        "x": 5.884421747439001,
        "y": 2.782827955251941,
        "z": 1.7339999675750732
      }
    }
  }
]