[
  {
    "obj_id": "133",
    "obj_type": "Motorcycle",
    "psr": {
      "position": {
        "x": 0.9715947375409981,
        "y": 10.954582846464733,
        "z": -0.614898612135583
      },
      "rotation": {
        "x": 0.01716109338882017,
        "y": 0.003180453820065123,
        "z": 1.7540286075290166
      },
      "scale": {
        "x": 2.180151190845205,
        "y": 0.9392525040505403,
        "z": 1.8090240526533872
      }
    }
  },
  {
    "obj_id": "144",
    "obj_type": "Car",
    "psr": {
      "position": {
        "x": -0.347480043712124,
        "y": 16.367793110493263,
        "z": -0.5071620855890057
      },
      "rotation": {
        "x": 0.03432253389408339,
        "y": 0.006359970996894467,
        "z": 1.596867109330918
      },
      "scale": {
        "x": 3.3956695222109827,
        "y": 1.8231686463401668,
        "z": 1.47082285181069
      }
    }
  },
  {
    "obj_id": "146",
    "obj_type": "Car",
    "psr": {
      "position": {
        "x": -3.9395154259340273,
        "y": 14.854058915099827,
        "z": -0.739999994635582
      },
      "rotation": {
        "x": 0,
        "y": 0,
        "z": 1.5882496193148392
      },
      "scale": {
        "x": 3.5214221110618373,
        "y": 1.5244397399370282,
        "z": 1.7360000014305115
      }
    }
  },
  {
    "obj_id": "147",
    "obj_type": "Car",
    "psr": {
      "position": {
        "x": -4.175092563994689,
        "y": -2.7498583294281236,
        "z": -0.9564999788999557
      },
      "rotation": {
        "x": 0,
        "y": 0,
        "z": 1.4398966328953218
      },
      "scale": {
        "x": 5.7546578805839665,
        "y": 1.796091151890605,
        "z": 1.6089999675750732
      }
    }
  },
  {
    "obj_id": "148",
    "obj_type": "Car",
    "psr": {
      "position": {
        "x": -6.078800821287587,
        "y": -14.970076359353243,
        "z": -1.0765000134706497
      },
      "rotation": {
        "x": 0,
        "y": 0,
        "z": 1.387536755335492
      },
      "scale": {
        "x": 3.1652056249486584,
        "y": 1.792038921281589,
        "z": 1.43299999833107
      }
    }
  },
  {
    "obj_id": "150",
    "obj_type": "Car",
    "psr": {
      "position": {
        "x": -4.047514996510994,
        "y": 26.084039274875717,
        "z": -0.3019896372223898
      },
      "rotation": {
        "x": 0.03489463313422615,
        "y": 0.0009135624482281316,
        "z": 1.5969603247429225
      },
      "scale": {
        "x": 4.071065248599954,
        "y": 1.8383726427589338,
        "z": 1.3206590051834526
      }
    }
  },
  {
    "obj_id": "151",
    "obj_type": "Car",
    "psr": {
      "position": {
        "x": 0.06562247117062725,
        "y": -19.147796841867603,
        "z": -1.1564999967813492
      },
      "rotation": {
        "x": 0,
        "y": 0,
        "z": 1.4922565104551515
      },
      "scale": {
        "x": 4.008101609604658,
        "y": 1.9998757731686336,
        "z": 1.7169999778270721
      }
    }
  },
  {
    "obj_id": "152",
    "obj_type": "Car",
    "psr": {
      "position": {
        "x": -1.5256896303399117,
        "y": -10.913212614998884,
        "z": -1.25
      },
      "rotation": {
        "x": 0,
        "y": 0,
        "z": 1.4398966328953218
      },
      "scale": {
        "x": 3.9467131365324883,
        "y": 1.7552197842360981,
        "z": 1.5379999876022339
      }
    }
  },
  {
    "obj_id": "153",
    "obj_type": "Car",
    "psr": {
      "position": {
        "x": -4.724278292065015,
        "y": 37.95191466278791,
        "z": 0.2125867211126713
      },
      "rotation": {
        "x": 0,
        "y": 0,
        "z": 1.6493361431346416
      },
      "scale": {
        "x": 4.815970154778914,
        "y": 1.5848325935778815,
        "z": 2.6619999408721924
      }
    }
  },
  {
    "obj_id": "156",
    "obj_type": "Car",
    "psr": {
      "position": {
        "x": -16.596377539065088,
        "y": 1.4508819141024105,
        "z": -1.560644140209526
      },
      "rotation": {
        "x": 0,
        "y": 0,
        "z": -1.5969762655748116
      },
      "scale": {
        "x": 5.20662037726583,
        "y": 1.723338843785093,
        "z": 1.7712882899557951
      }
    }
  },
  {
    "obj_id": "157",
    "obj_type": "Car",
    "psr": {
      "position": {
        "x": -12.947538135064406,
        "y": 10.95933305276776,
        "z": -1.1146165631634855
      },
      "rotation": {
        "x": 0,
        "y": 0,
        "z": -1.5446163880149815
      },
      "scale": {
        "x": 5.538241196726192,
        "y": 1.9189089422181318,
        "z": 1.9670609923062976
      }
    }
  },
  {
    "obj_id": "161",
    "obj_type": "Car",
    "psr": {
      "position": {
        "x": -11.989084200892009,
        "y": -16.804127494975972,
        "z": -1.281499981880188
      },
      "rotation": {
        "x": 0,
        "y": 0,
        "z": -1.7540558982543013
      },
      "scale": {
        "x": 3.221162606235318,
        "y": 1.6313886001664626,
        "z": 1.4110000133514404
      }
    }
  },
  {
    "obj_id": "168",
    "obj_type": "Car",
    "psr": {
      "position": {
        "x": -13.641143405024335,
        "y": 23.015302585133576,
        "z": -0.6889999955892563
      },
      "rotation": {
        "x": 0,
        "y": 0,
        "z": -1.4922565104551522
      },
      "scale": {
        "x": 4.763034258650511,
        "y": 1.976080944998278,
        "z": 1.641999989748001
      }
    }
  },
  {
    "obj_id": "181",
    "obj_type": "Car",
    "psr": {
      "position": {
        "x": -16.280392237717315,
        "y": 17.04137195218153,
        "z": -0.8294999753125012
      },
      "rotation": {
        "x": 0,
        "y": 0,
        "z": -1.5446163880149815
      },
      "scale": {
        "x": 3.7679561642877215,
        "y": 1.690003091200262,
        "z": 1.6449999501928687
      }
    }
  },
  {
    "obj_id": "311",
    "obj_type": "Car",
    "psr": {
      "position": {
        "x": 11.009912677542635,
        "y": -7.151549884768819,
        "z": -0.543999969959259
      },
      "rotation": {
        "x": 0,
        "y": 0,
        "z": 1.5969762655748114
      },
      "scale": {
        "x": 4.423850046953904,
        "y": 1.7168135590638816,
        "z": 1.3839999437332153
      }
    }
  },
  {
    "obj_id": "324",
    "obj_type": "Car",
    "psr": {
      "position": {
        "x": 11.80167735365529,
        "y": -12.545353705160187,
        "z": -0.4309999942779541
      },
      "rotation": {
        "x": 0,
        "y": 0,
        "z": 0.46335612399214005
      },
      "scale": {
        "x": 3.8610024005404178,
        "y": 1.7754883438865932,
        "z": 1.7339999675750732
      }
    }
  },
  {
    "obj_id": "359",
    "obj_type": "Car",
    "psr": {
      "position": {
        "x": 9.472048208582422,
        "y": 29.786184184525144,
        "z": 0.5184999704360962
      },
      "rotation": {
        "x": 0,
        "y": 0,
        "z": -3.0630528372500483
      },
      "scale": {
        "x": 2.3636392725701865,
        "y": 1.6328184547031361,
        "z": 1.8229999542236328
      }
    }
  }
]