[
  {
    "obj_id": "133",
    "obj_type": "Motorcycle",
    "psr": {
      "position": {
        "x": 1.543259978199999,
        "y": 5.718292108124275,
        "z": -0.7970000151544809
      },
      "rotation": {
        "x": 0,
        "y": 0,
        "z": 1.7016960206944711
      },
      "scale": {
        "x": 2.180151190845205,
        "y": 0.6748132177519097,
        "z": 1.6420000307261944
      }
    }
  },
  {
    "obj_id": "144",
    "obj_type": "Car",
    "psr": {
      "position": {
        "x": -0.08415996742562844,
        "y": 13.1116662131971,
        "z": -0.7754999920725822
      },
      "rotation": {
        "x": 0,
        "y": 0,
        "z": 1.6246335166839405
      },
      "scale": {
        "x": 4.450352048619659,
        "y": 2.1177011146857234,
        "z": 1.7749999910593033
      }
    }
  },
  {
    "obj_id": "146",
    "obj_type": "Car",
    "psr": {
      "position": {
        "x": -4.074788519980031,
        "y": 13.314915962980097,
        "z": -0.7240000069141388
      },
      "rotation": {
        "x": 0,
        "y": 0,
        "z": 1.5446163880149817
      },
      "scale": {
        "x": 2.6296637034645745,
        "y": 1.5244397399370282,
        "z": 1.7360000014305115
      }
    }
  },
  {
    "obj_id": "147",
    "obj_type": "Car",
    "psr": {
      "position": {
        "x": -5.310220476279753,
        "y": -3.3950892726797024,
        "z": -0.9804999828338623
      },
      "rotation": {
        "x": 0,
        "y": 0,
        "z": 1.4049900478554356
      },
      "scale": {
        "x": 4.127451204956673,
        "y": 1.796091151890605,
        "z": 1.6089999675750732
      }
    }
  },
  {
    "obj_id": "148",
    "obj_type": "Car",
    "psr": {
      "position": {
        "x": -7.982018303212451,
        "y": -15.939713115765795,
        "z": -1.0795000046491623
      },
      "rotation": {
        "x": 0,
        "y": 0,
        "z": 1.335176877775662
      },
      "scale": {
        "x": 3.1652056249486584,
        "y": 1.6793988976298155,
        "z": 1.43299999833107
      }
    }
  },
  {
    "obj_id": "150",
    "obj_type": "Car",
    "psr": {
      "position": {
        "x": -3.891523981826765,
        "y": 23.992368825730548,
        "z": -0.6494999825954437
      },
      "rotation": {
        "x": 0,
        "y": 0,
        "z": 1.5446163880149817
      },
      "scale": {
        "x": 4.071065248599954,
        "y": 1.8383726427589338,
        "z": 1.668999969959259
      }
    }
  },
  {
    "obj_id": "151",
    "obj_type": "Car",
    "psr": {
      "position": {
        "x": 0.06897767938916305,
        "y": -14.198617402387592,
        "z": -1.0464999824762344
      },
      "rotation": {
        "x": 0,
        "y": 0,
        "z": 1.5969762655748114
      },
      "scale": {
        "x": 4.008101609604658,
        "y": 1.9998757731686336,
        "z": 1.7169999778270721
      }
    }
  },
  {
    "obj_id": "152",
    "obj_type": "Car",
    "psr": {
      "position": {
        "x": -2.360637056054079,
        "y": -7.42144395722101,
        "z": -1.1589999794960022
      },
      "rotation": {
        "x": 0,
        "y": 0,
        "z": 1.2747099936040813
      },
      "scale": {
        "x": 3.9467131365324883,
        "y": 1.7552197842360981,
        "z": 1.5379999876022339
      }
    }
  },
  {
    "obj_id": "153",
    "obj_type": "Car",
    "psr": {
      "position": {
        "x": -4.403516850663323,
        "y": 35.15414259877401,
        "z": 0.07400000095367432
      },
      "rotation": {
        "x": 0,
        "y": 0,
        "z": 1.6493361431346414
      },
      "scale": {
        "x": 4.447076437252289,
        "y": 1.5848325935778815,
        "z": 2.6619999408721924
      }
    }
  },
  {
    "obj_id": "156",
    "obj_type": "Car",
    "psr": {
      "position": {
        "x": -16.94918584079813,
        "y": 21.8367643243354,
        "z": -1.0514999777078629
      },
      "rotation": {
        "x": 0,
        "y": 0,
        "z": -1.5446163880149815
      },
      "scale": {
        "x": 4.644408987925315,
        "y": 1.723338843785093,
        "z": 1.3589999377727509
      }
    }
  },
  {
    "obj_id": "157",
    "obj_type": "Car",
    "psr": {
      "position": {
        "x": -13.703829852928388,
        "y": 29.731066155751048,
        "z": -1.0320000052452087
      },
      "rotation": {
        "x": 0,
        "y": 0,
        "z": -1.486244998934236
      },
      "scale": {
        "x": 4.2335874717080255,
        "y": 1.7683271074878224,
        "z": 0.7580000162124634
      }
    }
  },
  {
    "obj_id": "158",
    "obj_type": "Car",
    "psr": {
      "position": {
        "x": -10.49385141614856,
        "y": 1.5802165489845112,
        "z": -1.2670000195503235
      },
      "rotation": {
        "x": 0,
        "y": 0,
        "z": -1.6493361431346418
      },
      "scale": {
        "x": 5.065312008944389,
        "y": 1.7122512813820743,
        "z": 1.4259999990463257
      }
    }
  },
  {
    "obj_id": "162",
    "obj_type": "Car",
    "psr": {
      "position": {
        "x": -13.700246192869997,
        "y": 5.675025623116771,
        "z": -1.1715000346302986
      },
      "rotation": {
        "x": 0,
        "y": 0,
        "z": -1.5969762655748116
      },
      "scale": {
        "x": 3.564538834101471,
        "y": 1.6636902029598881,
        "z": 1.9970000833272934
      }
    }
  },
  {
    "obj_id": "307",
    "obj_type": "Car",
    "psr": {
      "position": {
        "x": 10.93210707670368,
        "y": 0.35214988051002355,
        "z": -0.5124999806284904
      },
      "rotation": {
        "x": 0,
        "y": 0,
        "z": 1.554529411810903
      },
      "scale": {
        "x": 4.816467655476198,
        "y": 1.7555202769040783,
        "z": 1.4629999548196793
      }
    }
  },
  {
    "obj_id": "318",
    "obj_type": "Car",
    "psr": {
      "position": {
        "x": 11.388545242269709,
        "y": -5.010920315990712,
        "z": -0.3960000276565551
      },
      "rotation": {
        "x": 0,
        "y": 0,
        "z": 0.4893117711512256
      },
      "scale": {
        "x": 3.4319144487645312,
        "y": 1.7642802357187848,
        "z": 1.690000057220459
      }
    }
  }
]