[
  {
    "obj_id": "133",
    "obj_type": "Motorcycle",
    "psr": {
      "position": {
        "x": 0.8517741678633572,
        "y": 11.597410515109368,
        "z": -0.5890720873738851
      },
      "rotation": {
        "x": 0.052341967896169114,
        "y": 0.0013699960497697305,
        "z": 1.5969404032365904
      },
      "scale": {
        "x": 2.180151190845205,
        "y": 0.9392525040505403,
        "z": 1.8090240526533872
      }
    }
  },
  {
    "obj_id": "144",
    "obj_type": "Car",
    "psr": {
      "position": {
        "x": -0.16574161707204935,
        "y": 16.90002741271852,
        "z": -0.4722134434420386
      },
      "rotation": {
        "x": 0.025956066790862885,
        "y": 0.0034167840347219805,
        "z": 1.7016516750242983
      },
      "scale": {
        "x": 3.3956695222109827,
        "y": 2.1177011146857234,
        "z": 1.47082285181069
      }
    }
  },
  {
    "obj_id": "146",
    "obj_type": "Car",
    "psr": {
      "position": {
        "x": -3.838418081149075,
        "y": 14.992244081814803,
        "z": -0.7380000054836273
      },
      "rotation": {
        "x": 0,
        "y": 0,
        "z": 1.596976265574812
      },
      "scale": {
        "x": 3.5214221110618373,
        "y": 1.5244397399370282,
        "z": 1.7360000014305115
      }
    }
  },
  {
    "obj_id": "147",
    "obj_type": "Car",
    "psr": {
      "position": {
        "x": -4.021613521191534,
        "y": -2.6487953585721318,
        "z": -0.9244999802112579
      },
      "rotation": {
        "x": 0,
        "y": 0,
        "z": 1.4398966328953218
      },
      "scale": {
        "x": 5.7546578805839665,
        "y": 1.796091151890605,
        "z": 1.6089999675750732
      }
    }
  },
  {
    "obj_id": "148",
    "obj_type": "Car",
    "psr": {
      "position": {
        "x": -5.961148593654836,
        "y": -15.000355906706371,
        "z": -1.141500011086464
      },
      "rotation": {
        "x": 0,
        "y": 0,
        "z": 1.387536755335492
      },
      "scale": {
        "x": 3.307949977777847,
        "y": 1.792038921281589,
        "z": 1.43299999833107
      }
    }
  },
  {
    "obj_id": "150",
    "obj_type": "Car",
    "psr": {
      "position": {
        "x": -4.030329925433762,
        "y": 26.411679627648027,
        "z": -0.17177962174492115
      },
      "rotation": {
        "x": 0,
        "y": 0,
        "z": 1.5969762655748116
      },
      "scale": {
        "x": 4.071065248599954,
        "y": 1.8383726427589338,
        "z": 1.747758776413806
      }
    }
  },
  {
    "obj_id": "151",
    "obj_type": "Car",
    "psr": {
      "position": {
        "x": 0.21334161469530954,
        "y": -19.953792357667226,
        "z": -1.1375000029802322
      },
      "rotation": {
        "x": 0,
        "y": 0,
        "z": 1.701696020694471
      },
      "scale": {
        "x": 4.008101609604658,
        "y": 1.9998757731686336,
        "z": 1.7169999778270721
      }
    }
  },
  {
    "obj_id": "152",
    "obj_type": "Car",
    "psr": {
      "position": {
        "x": -1.1512050486703629,
        "y": -11.446775240473471,
        "z": -1.1480000019073486
      },
      "rotation": {
        "x": 0,
        "y": 0,
        "z": 1.4398966328953218
      },
      "scale": {
        "x": 3.9467131365324883,
        "y": 1.7552197842360981,
        "z": 1.5379999876022339
      }
    }
  },
  {
    "obj_id": "153",
    "obj_type": "Car",
    "psr": {
      "position": {
        "x": -4.643487192764093,
        "y": 38.34062329749619,
        "z": 0.10352767970487387
      },
      "rotation": {
        "x": 0,
        "y": 0,
        "z": 1.6493361431346416
      },
      "scale": {
        "x": 4.693005582270039,
        "y": 1.8813844742129406,
        "z": 2.6619999408721924
      }
    }
  },
  {
    "obj_id": "156",
    "obj_type": "Car",
    "psr": {
      "position": {
        "x": -16.727768793689236,
        "y": -1.8123533889954428,
        "z": -1.6546441387790145
      },
      "rotation": {
        "x": 0,
        "y": 0,
        "z": -1.6493361431346418
      },
      "scale": {
        "x": 6.034799245864914,
        "y": 1.723338843785093,
        "z": 1.7712882899557951
      }
    }
  },
  {
    "obj_id": "157",
    "obj_type": "Car",
    "psr": {
      "position": {
        "x": -12.847332630997698,
        "y": 7.393625316881753,
        "z": -1.3065305099814264
      },
      "rotation": {
        "x": 0,
        "y": 0,
        "z": -1.5969762655748116
      },
      "scale": {
        "x": 5.538241196726192,
        "y": 1.9189089422181318,
        "z": 1.9670609923062976
      }
    }
  },
  {
    "obj_id": "169",
    "obj_type": "Car",
    "psr": {
      "position": {
        "x": -13.491883908291015,
        "y": 19.871769658749777,
        "z": -0.8134999824687839
      },
      "rotation": {
        "x": 0,
        "y": 0,
        "z": -1.5446163880149815
      },
      "scale": {
        "x": 4.498066446788485,
        "y": 2.0309213036819753,
        "z": 1.6469999644905329
      }
    }
  },
  {
    "obj_id": "182",
    "obj_type": "Car",
    "psr": {
      "position": {
        "x": -16.16673433392228,
        "y": 13.802451659793379,
        "z": -0.9901314900113547
      },
      "rotation": {
        "x": 0,
        "y": 0,
        "z": -1.5446163880149815
      },
      "scale": {
        "x": 3.9922046195569836,
        "y": 1.6836105140576456,
        "z": 1.7142629774001052
      }
    }
  },
  {
    "obj_id": "312",
    "obj_type": "Car",
    "psr": {
      "position": {
        "x": 10.991264881919006,
        "y": -8.239710922098798,
        "z": -0.5159999877214432
      },
      "rotation": {
        "x": 0,
        "y": 0,
        "z": 1.5969762655748114
      },
      "scale": {
        "x": 4.309758380518429,
        "y": 1.6682774275399446,
        "z": 1.379999965429306
      }
    }
  },
  {
    "obj_id": "325",
    "obj_type": "Car",
    "psr": {
      "position": {
        "x": 11.954726044920156,
        "y": -13.637911239247394,
        "z": -0.33549998700618744
      },
      "rotation": {
        "x": 0,
        "y": 0,
        "z": 0.4450589592585543
      },
      "scale": {
        "x": 4.130338377626783,
        "y": 1.5117052954037034,
        "z": 1.5629999935626984
      }
    }
  },
  {
    "obj_id": "358",
    "obj_type": "Car",
    "psr": {
      "position": {
        "x": 9.885652463728812,
        "y": 28.792929719307704,
        "z": 0.4790000319480896
      },
      "rotation": {
        "x": 0,
        "y": 0,
        "z": -3.0630528372500487
      },
      "scale": {
        "x": 3.1749672207365958,
        "y": 1.922684478422651,
        "z": 1.8300000429153442
      }
    }
  }
]