[
  {
    "obj_id": "133",
    "obj_type": "Motorcycle",
    "psr": {
      "position": {
        "x": 0.6056994827733087,
        "y": 18.403888603731705,
        "z": -0.3898101065256636
      },
      "rotation": {
        "x": 0,
        "y": 0,
        "z": 1.5882496193148392
      },
      "scale": {
        "x": 2.180151190845205,
        "y": 0.9392525040505403,
        "z": 1.9476202364163484
      }
    }
  },
  {
    "obj_id": "144",
    "obj_type": "Car",
    "psr": {
      "position": {
        "x": -0.549166169692096,
        "y": 24.685346708748263,
        "z": -0.04384979646683705
      },
      "rotation": {
        "x": 0.02406171691524833,
        "y": -0.0009575183167971194,
        "z": 1.5763265303328176
      },
      "scale": {
        "x": 3.192769904917945,
        "y": 2.1177011146857234,
        "z": 1.5794063243478118
      }
    }
  },
  {
    "obj_id": "146",
    "obj_type": "Car",
    "psr": {
      "position": {
        "x": -3.5814077190820544,
        "y": 16.728097420061502,
        "z": -0.6379999965429306
      },
      "rotation": {
        "x": 0,
        "y": 0,
        "z": 1.579522973054868
      },
      "scale": {
        "x": 3.5214221110618373,
        "y": 1.6374162423060812,
        "z": 1.7360000014305115
      }
    }
  },
  {
    "obj_id": "147",
    "obj_type": "Car",
    "psr": {
      "position": {
        "x": -3.2368524030690073,
        "y": -3.249698469546211,
        "z": -1.0184999853372574
      },
      "rotation": {
        "x": 0,
        "y": 0,
        "z": 1.544616388014982
      },
      "scale": {
        "x": 4.399369031354023,
        "y": 1.796091151890605,
        "z": 1.6089999675750732
      }
    }
  },
  {
    "obj_id": "148",
    "obj_type": "Car",
    "psr": {
      "position": {
        "x": -3.7567570444980447,
        "y": -15.799811461943818,
        "z": -1.360499992966652
      },
      "rotation": {
        "x": 0,
        "y": 0,
        "z": 1.4922565104551513
      },
      "scale": {
        "x": 3.307949977777847,
        "y": 1.792038921281589,
        "z": 1.43299999833107
      }
    }
  },
  {
    "obj_id": "150",
    "obj_type": "Car",
    "psr": {
      "position": {
        "x": -3.763054056626794,
        "y": 28.89778172556248,
        "z": -0.18964976304345185
      },
      "rotation": {
        "x": 0,
        "y": 0,
        "z": 1.544616388014982
      },
      "scale": {
        "x": 4.033512193663896,
        "y": 1.8383726427589338,
        "z": 1.8572995709095965
      }
    }
  },
  {
    "obj_id": "152",
    "obj_type": "Car",
    "psr": {
      "position": {
        "x": -0.09835194875131492,
        "y": -15.141989510691133,
        "z": -1.3100000023841858
      },
      "rotation": {
        "x": 0,
        "y": 0,
        "z": 1.544616388014982
      },
      "scale": {
        "x": 3.9467131365324883,
        "y": 1.7552197842360981,
        "z": 1.5379999876022339
      }
    }
  },
  {
    "obj_id": "153",
    "obj_type": "Car",
    "psr": {
      "position": {
        "x": -4.5196236282481115,
        "y": 42.12525140391787,
        "z": -0.8393623006176765
      },
      "rotation": {
        "x": 0,
        "y": 0,
        "z": 1.6493361431346416
      },
      "scale": {
        "x": 4.693005582270039,
        "y": 2.2825609087053005,
        "z": 3.588724567856752
      }
    }
  },
  {
    "obj_id": "198",
    "obj_type": "Car",
    "psr": {
      "position": {
        "x": -12.496900821714156,
        "y": 7.243703145081586,
        "z": -1.1444999426603317
      },
      "rotation": {
        "x": 0,
        "y": 0,
        "z": -1.5446163880149815
      },
      "scale": {
        "x": 4.3316290886435995,
        "y": 1.7628082531503368,
        "z": 1.8389998972415924
      }
    }
  },
  {
    "obj_id": "204",
    "obj_type": "Car",
    "psr": {
      "position": {
        "x": -16.082841291944266,
        "y": 12.600087353031316,
        "z": -0.9334999769926071
      },
      "rotation": {
        "x": 0,
        "y": 0,
        "z": -1.5446163880149815
      },
      "scale": {
        "x": 3.395436852014774,
        "y": 1.5551914577385408,
        "z": 1.6309999525547028
      }
    }
  },
  {
    "obj_id": "213",
    "obj_type": "Car",
    "psr": {
      "position": {
        "x": -13.264904615847618,
        "y": 23.575109596254688,
        "z": -0.7159999776631594
      },
      "rotation": {
        "x": 0,
        "y": 0,
        "z": -1.5446163880149815
      },
      "scale": {
        "x": 4.336496567612447,
        "y": 1.9360858493457587,
        "z": 1.5099999569356441
      }
    }
  },
  {
    "obj_id": "370",
    "obj_type": "Car",
    "psr": {
      "position": {
        "x": 11.838692956122253,
        "y": 11.214550934160515,
        "z": 0.08007674586974012
      },
      "rotation": {
        "x": 0,
        "y": 0,
        "z": -3.0986109658615058
      },
      "scale": {
        "x": 5.7748613400024436,
        "y": 1.9528404237515802,
        "z": 2.184153421167581
      }
    }
  },
  {
    "obj_id": "394",
    "obj_type": "Pedestrian",
    "psr": {
      "position": {
        "x": 6.094517772413918,
        "y": 25.653773762586127,
        "z": 0.3555000126361847
      },
      "rotation": {
        "x": 0,
        "y": 0,
        "z": 1.7540558982543013
      },
      "scale": {
        "x": 0.48907865793380983,
        "y": 0.6300499426671115,
        "z": 1.4169999957084656
      }
    }
  }
]