[
  {
    "obj_id": "133",
    "obj_type": "Motorcycle",
    "psr": {
      "position": {
        "x": 0.5489430127981159,
        "y": 17.356215568898676,
        "z": -0.4758101103403609
      },
      "rotation": {
        "x": 0,
        "y": 0,
        "z": 1.596976265574811
      },
      "scale": {
        "x": 2.180151190845205,
        "y": 0.9392525040505403,
        "z": 1.9476202364163484
      }
    }
  },
  {
    "obj_id": "144",
    "obj_type": "Car",
    "psr": {
      "position": {
        "x": -1.0326670968542644,
        "y": 23.11296772953573,
        "z": -0.29481483316581253
      },
      "rotation": {
        "x": 0.028372647385740263,
        "y": -0.000841043844910376,
        "z": 1.5610533942986882
      },
      "scale": {
        "x": 3.192769904917945,
        "y": 2.1177011146857234,
        "z": 1.5794063243478118
      }
    }
  },
  {
    "obj_id": "146",
    "obj_type": "Car",
    "psr": {
      "position": {
        "x": -3.6800687321645644,
        "y": 16.4525349002181,
        "z": -0.7599999979138374
      },
      "rotation": {
        "x": 0,
        "y": 0,
        "z": 1.5969762655748116
      },
      "scale": {
        "x": 3.5214221110618373,
        "y": 1.6374162423060812,
        "z": 1.7360000014305115
      }
    }
  },
  {
    "obj_id": "147",
    "obj_type": "Car",
    "psr": {
      "position": {
        "x": -3.2489817307316193,
        "y": -2.846082296277367,
        "z": -0.9764999896287918
      },
      "rotation": {
        "x": 0,
        "y": 0,
        "z": 1.544616388014982
      },
      "scale": {
        "x": 4.399369031354023,
        "y": 1.796091151890605,
        "z": 1.6089999675750732
      }
    }
  },
  {
    "obj_id": "148",
    "obj_type": "Car",
    "psr": {
      "position": {
        "x": -4.024104246508159,
        "y": -15.447320490525726,
        "z": -1.0944999903440475
      },
      "rotation": {
        "x": 0,
        "y": 0,
        "z": 1.4398966328953218
      },
      "scale": {
        "x": 3.307949977777847,
        "y": 1.792038921281589,
        "z": 1.43299999833107
      }
    }
  },
  {
    "obj_id": "150",
    "obj_type": "Car",
    "psr": {
      "position": {
        "x": -3.798891554028426,
        "y": 28.393485888018127,
        "z": -0.5626497887926584
      },
      "rotation": {
        "x": 0,
        "y": 0,
        "z": 1.596976265574812
      },
      "scale": {
        "x": 4.033512193663896,
        "y": 1.8383726427589338,
        "z": 1.8572995709095965
      }
    }
  },
  {
    "obj_id": "152",
    "obj_type": "Car",
    "psr": {
      "position": {
        "x": -0.36340721178567037,
        "y": -14.398787398814875,
        "z": -1.268999993801117
      },
      "rotation": {
        "x": 0,
        "y": 0,
        "z": 1.4922565104551515
      },
      "scale": {
        "x": 3.9467131365324883,
        "y": 1.7552197842360981,
        "z": 1.5379999876022339
      }
    }
  },
  {
    "obj_id": "153",
    "obj_type": "Car",
    "psr": {
      "position": {
        "x": -4.600913562827145,
        "y": 41.54507764687469,
        "z": -0.17836222766159132
      },
      "rotation": {
        "x": 0,
        "y": 0,
        "z": 1.6493361431346416
      },
      "scale": {
        "x": 4.693005582270039,
        "y": 2.0326916742673986,
        "z": 3.588724567856752
      }
    }
  },
  {
    "obj_id": "176",
    "obj_type": "Car",
    "psr": {
      "position": {
        "x": -12.79483616066666,
        "y": -8.38170995664798,
        "z": -1.0490000173449516
      },
      "rotation": {
        "x": 0,
        "y": 0,
        "z": -1.5969762655748116
      },
      "scale": {
        "x": 3.4575221708949493,
        "y": 1.553136757968335,
        "z": 1.6280000358819962
      }
    }
  },
  {
    "obj_id": "194",
    "obj_type": "Car",
    "psr": {
      "position": {
        "x": -12.706774364118708,
        "y": 14.80300518619489,
        "z": -1.0010000318288803
      },
      "rotation": {
        "x": 0,
        "y": 0,
        "z": -1.5969762655748116
      },
      "scale": {
        "x": 5.825570258501365,
        "y": 1.7461637152541942,
        "z": 1.4800000488758087
      }
    }
  },
  {
    "obj_id": "368",
    "obj_type": "Car",
    "psr": {
      "position": {
        "x": 12.436840302167727,
        "y": 15.215730269549494,
        "z": 0.3550000190734863
      },
      "rotation": {
        "x": 0,
        "y": 0,
        "z": -3.111050878262554
      },
      "scale": {
        "x": 7.164215499705172,
        "y": 2.6512130060739967,
        "z": 2.6080000400543213
      }
    }
  }
]