[
  {
    "obj_id": "133",
    "obj_type": "Motorcycle",
    "psr": {
      "position": {
        "x": 0.7426363908966555,
        "y": 12.503928876355527,
        "z": -0.5013176986579283
      },
      "rotation": {
        "x": 0.030630475371230207,
        "y": -0.009507386715346369,
        "z": 1.6757721945202622
      },
      "scale": {
        "x": 2.180151190845205,
        "y": 0.9392525040505403,
        "z": 1.8090240526533872
      }
    }
  },
  {
    "obj_id": "144",
    "obj_type": "Car",
    "psr": {
      "position": {
        "x": -0.28169036575047685,
        "y": 17.67629841973384,
        "z": -0.41754509014157365
      },
      "rotation": {
        "x": 0.043618298241984946,
        "y": 0.001141822696393761,
        "z": 1.5969513594417508
      },
      "scale": {
        "x": 3.3956695222109827,
        "y": 2.1177011146857234,
        "z": 1.47082285181069
      }
    }
  },
  {
    "obj_id": "146",
    "obj_type": "Car",
    "psr": {
      "position": {
        "x": -3.7551818342905334,
        "y": 15.313350015661314,
        "z": -0.6640000069141387
      },
      "rotation": {
        "x": 0,
        "y": 0,
        "z": 1.5795229730548686
      },
      "scale": {
        "x": 3.5214221110618373,
        "y": 1.5244397399370282,
        "z": 1.7360000014305115
      }
    }
  },
  {
    "obj_id": "147",
    "obj_type": "Car",
    "psr": {
      "position": {
        "x": -3.7909241677672756,
        "y": -1.9068327248970953,
        "z": -0.9554999876022339
      },
      "rotation": {
        "x": 0,
        "y": 0,
        "z": 1.4922565104551515
      },
      "scale": {
        "x": 4.399369031354023,
        "y": 1.796091151890605,
        "z": 1.6089999675750732
      }
    }
  },
  {
    "obj_id": "148",
    "obj_type": "Car",
    "psr": {
      "position": {
        "x": -5.5912193481353825,
        "y": -15.0184534686,
        "z": -1.1185000091791153
      },
      "rotation": {
        "x": 0,
        "y": 0,
        "z": 1.387536755335492
      },
      "scale": {
        "x": 3.307949977777847,
        "y": 1.792038921281589,
        "z": 1.43299999833107
      }
    }
  },
  {
    "obj_id": "150",
    "obj_type": "Car",
    "psr": {
      "position": {
        "x": -3.9298109013359745,
        "y": 26.820571124208957,
        "z": -0.506879374617044
      },
      "rotation": {
        "x": 0,
        "y": 0,
        "z": 1.5882496193148399
      },
      "scale": {
        "x": 4.033512193663896,
        "y": 1.8383726427589338,
        "z": 1.747758776413806
      }
    }
  },
  {
    "obj_id": "151",
    "obj_type": "Car",
    "psr": {
      "position": {
        "x": 0.012186891252440546,
        "y": -21.200365427053157,
        "z": -1.1094999760389328
      },
      "rotation": {
        "x": 0,
        "y": 0,
        "z": 1.5969762655748116
      },
      "scale": {
        "x": 4.008101609604658,
        "y": 1.9998757731686336,
        "z": 1.7169999778270721
      }
    }
  },
  {
    "obj_id": "152",
    "obj_type": "Car",
    "psr": {
      "position": {
        "x": -1.236481754918259,
        "y": -11.50606930282197,
        "z": -1.1969999969005585
      },
      "rotation": {
        "x": 0,
        "y": 0,
        "z": 1.4398966328953218
      },
      "scale": {
        "x": 3.9467131365324883,
        "y": 1.7552197842360981,
        "z": 1.5379999876022339
      }
    }
  },
  {
    "obj_id": "153",
    "obj_type": "Car",
    "psr": {
      "position": {
        "x": -3.709561660669376,
        "y": 39.191118647886,
        "z": -0.6559999585151672
      },
      "rotation": {
        "x": 0,
        "y": 0,
        "z": 1.7540558982543015
      },
      "scale": {
        "x": 4.693005582270039,
        "y": 2.882247071356265,
        "z": 2.6619999408721924
      }
    }
  },
  {
    "obj_id": "156",
    "obj_type": "Car",
    "psr": {
      "position": {
        "x": -17.057610799104392,
        "y": -5.71489819067186,
        "z": -1.7176441669124067
      },
      "rotation": {
        "x": 0,
        "y": 0,
        "z": -1.6493361431346418
      },
      "scale": {
        "x": 2.382200091451939,
        "y": 1.723338843785093,
        "z": 1.7712882899557951
      }
    }
  },
  {
    "obj_id": "157",
    "obj_type": "Car",
    "psr": {
      "position": {
        "x": -12.698395038938997,
        "y": 3.2623731474129727,
        "z": -1.4257907098009925
      },
      "rotation": {
        "x": 0,
        "y": 0,
        "z": -1.5969762655748116
      },
      "scale": {
        "x": 5.538241196726192,
        "y": 1.9189089422181318,
        "z": 1.5975814711003982
      }
    }
  },
  {
    "obj_id": "170",
    "obj_type": "Car",
    "psr": {
      "position": {
        "x": -13.209492816386328,
        "y": 15.956951853293713,
        "z": -0.8234999720007181
      },
      "rotation": {
        "x": 0,
        "y": 0,
        "z": -1.5446163880149815
      },
      "scale": {
        "x": 4.625531724663496,
        "y": 1.8946559402875889,
        "z": 1.768999945372343
      }
    }
  },
  {
    "obj_id": "183",
    "obj_type": "Car",
    "psr": {
      "position": {
        "x": -16.07331277174529,
        "y": 9.098597378257999,
        "z": -1.3205000162124634
      },
      "rotation": {
        "x": 0,
        "y": 0,
        "z": -1.5446163880149815
      },
      "scale": {
        "x": 4.357435791559486,
        "y": 2.079838040269149,
        "z": 2.003000020980835
      }
    }
  },
  {
    "obj_id": "188",
    "obj_type": "Car",
    "psr": {
      "position": {
        "x": -13.605629554191736,
        "y": 39.07627718204695,
        "z": -0.7255000248551369
      },
      "rotation": {
        "x": 0,
        "y": 0,
        "z": -1.5969762655748116
      },
      "scale": {
        "x": 2.9382498908735877,
        "y": 1.6252119830890843,
        "z": 1.0510000437498093
      }
    }
  },
  {
    "obj_id": "313",
    "obj_type": "Car",
    "psr": {
      "position": {
        "x": 11.03595169422031,
        "y": -10.088571956002065,
        "z": -0.5425000265240669
      },
      "rotation": {
        "x": 0,
        "y": 0,
        "z": 1.5969762655748114
      },
      "scale": {
        "x": 4.405620977994886,
        "y": 1.7637423095030553,
        "z": 1.3970000594854355
      }
    }
  },
  {
    "obj_id": "326",
    "obj_type": "Car",
    "psr": {
      "position": {
        "x": 11.803191086867411,
        "y": -15.561825324615462,
        "z": -0.2854999601840973
      },
      "rotation": {
        "x": 0,
        "y": 0,
        "z": 0.4450589592585543
      },
      "scale": {
        "x": 3.833999402017688,
        "y": 1.5165673667956778,
        "z": 1.5849999785423279
      }
    }
  },
  {
    "obj_id": "362",
    "obj_type": "Car",
    "psr": {
      "position": {
        "x": 10.551262561086167,
        "y": 27.171153216505996,
        "z": 0.38900001347064966
      },
      "rotation": {
        "x": 0,
        "y": 0,
        "z": -3.0630528372500483
      },
      "scale": {
        "x": 4.144040509109065,
        "y": 2.3713170778662462,
        "z": 1.6980000436306
      }
    }
  }
]