[
  {
    "obj_id": "133",
    "obj_type": "Motorcycle",
    "psr": {
      "position": {
        "x": 0.6825965466671576,
        "y": 22.09983729572039,
        "z": -0.27278916095722844
      },
      "rotation": {
        "x": 0.06047638338195369,
        "y": 0.0035167248470953935,
        "z": 1.5512168169705367
      },
      "scale": {
        "x": 2.180151190845205,
        "y": 0.9392525040505403,
        "z": 1.9476202364163484
      }
    }
  },
  {
    "obj_id": "144",
    "obj_type": "Car",
    "psr": {
      "position": {
        "x": -0.3597182023678433,
        "y": 30.86988289390483,
        "z": -0.3431244155621991
      },
      "rotation": {
        "x": 0.021726136239204535,
        "y": 0.003979239752999537,
        "z": 1.58453207174702
      },
      "scale": {
        "x": 3.192769904917945,
        "y": 2.1177011146857234,
        "z": 1.5861408031389037
      }
    }
  },
  {
    "obj_id": "146",
    "obj_type": "Car",
    "psr": {
      "position": {
        "x": -3.4799941558709455,
        "y": 16.695253645787183,
        "z": -0.6250000065565109
      },
      "rotation": {
        "x": 0,
        "y": 0,
        "z": 1.5691118460903977
      },
      "scale": {
        "x": 3.5214221110618373,
        "y": 1.6374162423060812,
        "z": 1.7360000014305115
      }
    }
  },
  {
    "obj_id": "147",
    "obj_type": "Car",
    "psr": {
      "position": {
        "x": -3.163894922729014,
        "y": -5.226138136990333,
        "z": -1.012499988079071
      },
      "rotation": {
        "x": 0,
        "y": 0,
        "z": 1.570796326794897
      },
      "scale": {
        "x": 4.399369031354023,
        "y": 1.796091151890605,
        "z": 1.6089999675750732
      }
    }
  },
  {
    "obj_id": "148",
    "obj_type": "Car",
    "psr": {
      "position": {
        "x": 0.0783593872452002,
        "y": -17.00168154613675,
        "z": -1.2827773084466292
      },
      "rotation": {
        "x": 0,
        "y": 0,
        "z": 1.4922565104551513
      },
      "scale": {
        "x": 4.032310377523936,
        "y": 1.792038921281589,
        "z": 1.5615546683916715
      }
    }
  },
  {
    "obj_id": "149",
    "obj_type": "Car",
    "psr": {
      "position": {
        "x": -3.025444333044561,
        "y": -17.853935636888764,
        "z": -1.319881977909819
      },
      "rotation": {
        "x": 0,
        "y": 0,
        "z": 1.4922565104551515
      },
      "scale": {
        "x": 4.4241108356987,
        "y": 1.6515031292583817,
        "z": 1.8097639725089385
      }
    }
  },
  {
    "obj_id": "150",
    "obj_type": "Car",
    "psr": {
      "position": {
        "x": -3.7395950602924586,
        "y": 29.650908905889537,
        "z": -0.5398528810150929
      },
      "rotation": {
        "x": 0,
        "y": 0,
        "z": 1.5969762655748116
      },
      "scale": {
        "x": 4.033512193663896,
        "y": 1.8383726427589338,
        "z": 2.1177057496324196
      }
    }
  },
  {
    "obj_id": "153",
    "obj_type": "Car",
    "psr": {
      "position": {
        "x": -3.9752600618912304,
        "y": 43.074547958770786,
        "z": 0.3180379172147587
      },
      "rotation": {
        "x": 0,
        "y": 0,
        "z": 1.6038783609991292
      },
      "scale": {
        "x": 4.2072842905616294,
        "y": 2.346660299258125,
        "z": 3.588724567856752
      }
    }
  },
  {
    "obj_id": "210",
    "obj_type": "Car",
    "psr": {
      "position": {
        "x": -15.869886248620046,
        "y": -17.666748259068537,
        "z": -1.3709999918937683
      },
      "rotation": {
        "x": 0,
        "y": 0,
        "z": -1.5969762655748116
      },
      "scale": {
        "x": 4.1929695526042075,
        "y": 1.433782071343617,
        "z": 1.5800000429153442
      }
    }
  },
  {
    "obj_id": "219",
    "obj_type": "Car",
    "psr": {
      "position": {
        "x": -12.688430227020321,
        "y": -4.410741843204198,
        "z": -1.256999984383583
      },
      "rotation": {
        "x": 0,
        "y": 0,
        "z": -1.5446163880149815
      },
      "scale": {
        "x": 5.944536074435429,
        "y": 1.8277312787966058,
        "z": 1.5459999740123749
      }
    }
  },
  {
    "obj_id": "230",
    "obj_type": "Car",
    "psr": {
      "position": {
        "x": -15.630979867128506,
        "y": 6.520739726318324,
        "z": -1.2490000277757645
      },
      "rotation": {
        "x": 0,
        "y": 0,
        "z": -1.5632468375009425
      },
      "scale": {
        "x": 3.7628166853626914,
        "y": 1.6596137917067812,
        "z": 1.9080000817775726
      }
    }
  },
  {
    "obj_id": "238",
    "obj_type": "Car",
    "psr": {
      "position": {
        "x": -12.690718006895688,
        "y": 18.52354892039429,
        "z": -0.6295000165700912
      },
      "rotation": {
        "x": 0,
        "y": 0,
        "z": -1.5446163880149815
      },
      "scale": {
        "x": 4.552779866162982,
        "y": 1.773527167837004,
        "z": 1.8290000259876251
      }
    }
  },
  {
    "obj_id": "332",
    "obj_type": "Car",
    "psr": {
      "position": {
        "x": 10.689143558351528,
        "y": 3.1099997056666493,
        "z": -0.3149999976158142
      },
      "rotation": {
        "x": 0,
        "y": 0,
        "z": -3.115412714809878
      },
      "scale": {
        "x": 3.5234874864458745,
        "y": 1.753032757086641,
        "z": 1.8700000047683716
      }
    }
  },
  {
    "obj_id": "345",
    "obj_type": "Car",
    "psr": {
      "position": {
        "x": 8.763178484471181,
        "y": 11.359538045688522,
        "z": -0.16807970526333055
      },
      "rotation": {
        "x": 0.0013439987888055728,
        "y": -0.08672795163451692,
        "z": 1.5863112553118366
      },
      "scale": {
        "x": 4.457522500174569,
        "y": 1.8609850187897004,
        "z": 1.8686412320349979
      }
    }
  },
  {
    "obj_id": "371",
    "obj_type": "Car",
    "psr": {
      "position": {
        "x": 10.312403405279216,
        "y": 7.271674880790682,
        "z": -0.020279029375391146
      },
      "rotation": {
        "x": 0,
        "y": 0,
        "z": -3.115412714809878
      },
      "scale": {
        "x": 4.474424233736832,
        "y": 2.009625233418508,
        "z": 1.912558109295521
      }
    }
  },
  {
    "obj_id": "388",
    "obj_type": "Pedestrian",
    "psr": {
      "position": {
        "x": 6.821892537395229,
        "y": 13.21497255003691,
        "z": -0.24649998545646667
      },
      "rotation": {
        "x": 0,
        "y": 0,
        "z": 1.596976265574812
      },
      "scale": {
        "x": 1.3219722840944397,
        "y": 1.1766145844131404,
        "z": 1.5830000042915344
      }
    }
  },
  {
    "obj_id": "421",
    "obj_type": "Car",
    "psr": {
      "position": {
        "x": 10.503676203156948,
        "y": -3.2273533181991105,
        "z": -0.3056531231251421
      },
      "rotation": {
        "x": -0.007983154319309018,
        "y": -0.06056327747455379,
        "z": 3.1272429487424884
      },
      "scale": {
        "x": 2.8206819889182406,
        "y": 2.3251923189984898,
        "z": 2.154425502400179
      }
    }
  }
]