[
  {
    "obj_id": "133",
    "obj_type": "Motorcycle",
    "psr": {
      "position": {
        "x": 0.5939599842764508,
        "y": 19.10176875106984,
        "z": -0.3098139991463395
      },
      "rotation": {
        "x": 0.034795366254226634,
        "y": 0.00015669295220077948,
        "z": 1.5747896979271292
      },
      "scale": {
        "x": 2.180151190845205,
        "y": 0.9392525040505403,
        "z": 1.9476202364163484
      }
    }
  },
  {
    "obj_id": "144",
    "obj_type": "Car",
    "psr": {
      "position": {
        "x": -0.17120381581588548,
        "y": 25.77848518963507,
        "z": -0.1487031345173508
      },
      "rotation": {
        "x": -0.017436684221247365,
        "y": -0.0007612633503732778,
        "z": 1.5882429821920319
      },
      "scale": {
        "x": 3.192769904917945,
        "y": 2.1177011146857234,
        "z": 1.5794063243478118
      }
    }
  },
  {
    "obj_id": "146",
    "obj_type": "Car",
    "psr": {
      "position": {
        "x": -3.553106979608875,
        "y": 16.98299082134021,
        "z": -0.7119999974966049
      },
      "rotation": {
        "x": 0,
        "y": 0,
        "z": 1.570796326794896
      },
      "scale": {
        "x": 3.5214221110618373,
        "y": 1.6374162423060812,
        "z": 1.7360000014305115
      }
    }
  },
  {
    "obj_id": "147",
    "obj_type": "Car",
    "psr": {
      "position": {
        "x": -3.216995369428388,
        "y": -3.5683429545323913,
        "z": -0.943499988913536
      },
      "rotation": {
        "x": 0,
        "y": 0,
        "z": 1.544616388014982
      },
      "scale": {
        "x": 4.399369031354023,
        "y": 1.796091151890605,
        "z": 1.6089999675750732
      }
    }
  },
  {
    "obj_id": "148",
    "obj_type": "Car",
    "psr": {
      "position": {
        "x": -0.1869365144812127,
        "y": -15.375506540844892,
        "z": -1.1489805998234923
      },
      "rotation": {
        "x": 0,
        "y": 0,
        "z": 1.5549362021818034
      },
      "scale": {
        "x": 3.904677312074665,
        "y": 1.792038921281589,
        "z": 1.5699612406549808
      }
    }
  },
  {
    "obj_id": "149",
    "obj_type": "Car",
    "psr": {
      "position": {
        "x": -3.443730471620745,
        "y": -16.02211934370581,
        "z": -1.1819999516010284
      },
      "rotation": {
        "x": 0,
        "y": 0,
        "z": 1.5221876888089605
      },
      "scale": {
        "x": 3.3652076788930616,
        "y": 1.6515031292583817,
        "z": 1.6579999327659607
      }
    }
  },
  {
    "obj_id": "150",
    "obj_type": "Car",
    "psr": {
      "position": {
        "x": -3.7525828294823627,
        "y": 29.207919022016856,
        "z": -0.48064977162652067
      },
      "rotation": {
        "x": 0,
        "y": 0,
        "z": 1.6493361431346416
      },
      "scale": {
        "x": 4.033512193663896,
        "y": 1.8383726427589338,
        "z": 1.8572995709095965
      }
    }
  },
  {
    "obj_id": "153",
    "obj_type": "Car",
    "psr": {
      "position": {
        "x": -4.033701594240132,
        "y": 42.45546816256907,
        "z": -0.02536223052261427
      },
      "rotation": {
        "x": 0,
        "y": 0,
        "z": 1.6045768490929226
      },
      "scale": {
        "x": 4.693005582270039,
        "y": 2.3325347555928806,
        "z": 3.588724567856752
      }
    }
  },
  {
    "obj_id": "199",
    "obj_type": "Car",
    "psr": {
      "position": {
        "x": -12.35573709267151,
        "y": 2.4060649475529026,
        "z": -1.309000015258789
      },
      "rotation": {
        "x": 0,
        "y": 0,
        "z": -1.5446163880149815
      },
      "scale": {
        "x": 4.762149711763998,
        "y": 1.7413487939164007,
        "z": 1.4800000190734863
      }
    }
  },
  {
    "obj_id": "205",
    "obj_type": "Car",
    "psr": {
      "position": {
        "x": -16.19925257488504,
        "y": 7.777425173288598,
        "z": -1.1774162675850899
      },
      "rotation": {
        "x": 0.003372772599325014,
        "y": -0.060993457906519555,
        "z": -1.5155208959188007
      },
      "scale": {
        "x": 4.274939414941078,
        "y": 2.1967487454073726,
        "z": 1.86130344978006
      }
    }
  },
  {
    "obj_id": "214",
    "obj_type": "Car",
    "psr": {
      "position": {
        "x": -13.184017979966866,
        "y": 20.261345952547973,
        "z": -0.9545000046491623
      },
      "rotation": {
        "x": 0,
        "y": 0,
        "z": -1.544616388014982
      },
      "scale": {
        "x": 4.259216653089318,
        "y": 1.792045401241766,
        "z": 1.4590000212192535
      }
    }
  },
  {
    "obj_id": "224",
    "obj_type": "Car",
    "psr": {
      "position": {
        "x": -16.130782963349866,
        "y": 28.980129766786803,
        "z": -0.764999998616986
      },
      "rotation": {
        "x": 0,
        "y": 0,
        "z": -1.5446163880149815
      },
      "scale": {
        "x": 3.948191955945692,
        "y": 1.4003206393660896,
        "z": 1.5259999970439821
      }
    }
  },
  {
    "obj_id": "338",
    "obj_type": "Car",
    "psr": {
      "position": {
        "x": 8.469363987211054,
        "y": 23.045691841969973,
        "z": 0.2644999921321869
      },
      "rotation": {
        "x": 0,
        "y": 0,
        "z": 1.5969762655748114
      },
      "scale": {
        "x": 3.6533963957821896,
        "y": 1.6333417818272933,
        "z": 1.5929999947547913
      }
    }
  },
  {
    "obj_id": "371",
    "obj_type": "Car",
    "psr": {
      "position": {
        "x": 11.728798024586549,
        "y": 8.962618179361227,
        "z": -0.05750000476837147
      },
      "rotation": {
        "x": 0,
        "y": 0,
        "z": -3.0648826157402023
      },
      "scale": {
        "x": 5.500485281378311,
        "y": 2.009625233418508,
        "z": 2.437000036239624
      }
    }
  },
  {
    "obj_id": "393",
    "obj_type": "Pedestrian",
    "psr": {
      "position": {
        "x": 6.33355419493001,
        "y": 23.81942760512857,
        "z": 0.1599999964237213
      },
      "rotation": {
        "x": 0,
        "y": 0,
        "z": 1.7540558982543013
      },
      "scale": {
        "x": 0.389531569141965,
        "y": 0.9385749780485527,
        "z": 1.5699999928474426
      }
    }
  }
]