[
  {
    "obj_id": "133",
    "obj_type": "Motorcycle",
    "psr": {
      "position": {
        "x": 0.6899047353264841,
        "y": 21.59748501757209,
        "z": -0.5394212791267428
      },
      "rotation": {
        "x": 0.06057324620547577,
        "y": 0.002677806149801747,
        "z": 1.5210200714192579
      },
      "scale": {
        "x": 2.180151190845205,
        "y": 0.9392525040505403,
        "z": 1.9476202364163484
      }
    }
  },
  {
    "obj_id": "144",
    "obj_type": "Car",
    "psr": {
      "position": {
        "x": -0.005345408698817467,
        "y": 29.904721633529057,
        "z": -0.07219971129532338
      },
      "rotation": {
        "x": -0.03935685113505306,
        "y": 0.002369509674487467,
        "z": 1.5837406798552647
      },
      "scale": {
        "x": 3.192769904917945,
        "y": 2.1177011146857234,
        "z": 1.5861408031389037
      }
    }
  },
  {
    "obj_id": "146",
    "obj_type": "Car",
    "psr": {
      "position": {
        "x": -3.4480744154056557,
        "y": 16.814228167023877,
        "z": -0.7060000002384186
      },
      "rotation": {
        "x": 0,
        "y": 0,
        "z": 1.5969762655748116
      },
      "scale": {
        "x": 3.5214221110618373,
        "y": 1.6374162423060812,
        "z": 1.7360000014305115
      }
    }
  },
  {
    "obj_id": "147",
    "obj_type": "Car",
    "psr": {
      "position": {
        "x": -3.1660389080799405,
        "y": -4.994815407421356,
        "z": -0.9944999814033508
      },
      "rotation": {
        "x": 0,
        "y": 0,
        "z": 1.5620696805349255
      },
      "scale": {
        "x": 4.399369031354023,
        "y": 1.796091151890605,
        "z": 1.6089999675750732
      }
    }
  },
  {
    "obj_id": "148",
    "obj_type": "Car",
    "psr": {
      "position": {
        "x": 0.07853874698658592,
        "y": -16.744669135802763,
        "z": -1.2457773377721144
      },
      "rotation": {
        "x": 0,
        "y": 0,
        "z": 1.544616388014982
      },
      "scale": {
        "x": 4.032310377523936,
        "y": 1.792038921281589,
        "z": 1.5615546683916715
      }
    }
  },
  {
    "obj_id": "149",
    "obj_type": "Car",
    "psr": {
      "position": {
        "x": -3.0737216317500042,
        "y": -17.501158249313903,
        "z": -1.4268820010364212
      },
      "rotation": {
        "x": 0,
        "y": 0,
        "z": 1.4922565104551515
      },
      "scale": {
        "x": 4.4241108356987,
        "y": 1.6515031292583817,
        "z": 1.8097639725089385
      }
    }
  },
  {
    "obj_id": "150",
    "obj_type": "Car",
    "psr": {
      "position": {
        "x": -3.6813985201555774,
        "y": 29.65940032492528,
        "z": -0.3388528462059804
      },
      "rotation": {
        "x": 0,
        "y": 0,
        "z": 1.5969762655748116
      },
      "scale": {
        "x": 4.033512193663896,
        "y": 1.8383726427589338,
        "z": 2.1177057496324196
      }
    }
  },
  {
    "obj_id": "153",
    "obj_type": "Car",
    "psr": {
      "position": {
        "x": -3.5760819908370234,
        "y": 42.44355424946908,
        "z": -0.3663623106312568
      },
      "rotation": {
        "x": 0,
        "y": 0,
        "z": 1.5980517727535215
      },
      "scale": {
        "x": 3.102135299476333,
        "y": 2.8463987681339282,
        "z": 3.588724567856752
      }
    }
  },
  {
    "obj_id": "209",
    "obj_type": "Car",
    "psr": {
      "position": {
        "x": -15.819256883056504,
        "y": -11.47812403310487,
        "z": -1.2300000190734863
      },
      "rotation": {
        "x": 0,
        "y": 0,
        "z": -1.5446163880149815
      },
      "scale": {
        "x": 4.3818964558680324,
        "y": 1.8074242497142963,
        "z": 1.7360000610351562
      }
    }
  },
  {
    "obj_id": "218",
    "obj_type": "Car",
    "psr": {
      "position": {
        "x": -12.629237061138731,
        "y": 1.0102076503575292,
        "z": -1.242499977350235
      },
      "rotation": {
        "x": 0,
        "y": 0,
        "z": -1.5446163880149815
      },
      "scale": {
        "x": 4.797250827140646,
        "y": 1.5977014303274186,
        "z": 1.5029999613761902
      }
    }
  },
  {
    "obj_id": "229",
    "obj_type": "Car",
    "psr": {
      "position": {
        "x": -15.797616426850448,
        "y": 11.047636994905845,
        "z": -1.1655000522732735
      },
      "rotation": {
        "x": 0,
        "y": 0,
        "z": -1.4922565104551522
      },
      "scale": {
        "x": 4.042447140683553,
        "y": 1.59685539763688,
        "z": 2.041000112891197
      }
    }
  },
  {
    "obj_id": "237",
    "obj_type": "Car",
    "psr": {
      "position": {
        "x": -12.783572391238394,
        "y": 22.780555846366564,
        "z": -0.6445000022649765
      },
      "rotation": {
        "x": 0,
        "y": 0,
        "z": -1.5446163880149815
      },
      "scale": {
        "x": 4.223494646455508,
        "y": 1.811525314810957,
        "z": 1.5530000030994415
      }
    }
  },
  {
    "obj_id": "331",
    "obj_type": "Car",
    "psr": {
      "position": {
        "x": 10.611267790999216,
        "y": 5.81514271363908,
        "z": -0.3191796790558968
      },
      "rotation": {
        "x": 0,
        "y": 0,
        "z": -3.115412714809878
      },
      "scale": {
        "x": 3.491677081313684,
        "y": 2.4603407900715437,
        "z": 1.8896407582364732
      }
    }
  },
  {
    "obj_id": "343",
    "obj_type": "Car",
    "psr": {
      "position": {
        "x": 8.63900277581954,
        "y": 14.005186239412721,
        "z": -0.05823457202091464
      },
      "rotation": {
        "x": 0.003859023369378859,
        "y": -0.08718131211396013,
        "z": 1.6150880245992643
      },
      "scale": {
        "x": 4.453751105397013,
        "y": 1.788507897049839,
        "z": 1.6553786776744968
      }
    }
  },
  {
    "obj_id": "371",
    "obj_type": "Car",
    "psr": {
      "position": {
        "x": 10.119321404210847,
        "y": 10.241074424686385,
        "z": -0.056936726747028696
      },
      "rotation": {
        "x": 0.001886804332292049,
        "y": -0.07851719581662565,
        "z": -3.1175420944465486
      },
      "scale": {
        "x": 4.474424233736832,
        "y": 2.009625233418508,
        "z": 1.912558109295521
      }
    }
  },
  {
    "obj_id": "389",
    "obj_type": "Pedestrian",
    "psr": {
      "position": {
        "x": 6.703831167774025,
        "y": 15.500264087301257,
        "z": -0.19200000166893005
      },
      "rotation": {
        "x": 0,
        "y": 0,
        "z": 1.6493361431346414
      },
      "scale": {
        "x": 0.9714385972870998,
        "y": 1.0997279275101048,
        "z": 1.5999999642372131
      }
    }
  },
  {
    "obj_id": "421",
    "obj_type": "Car",
    "psr": {
      "position": {
        "x": 10.401475027212507,
        "y": -1.3774252723228704,
        "z": -0.3620855380861875
      },
      "rotation": {
        "x": -0.0007390335507239496,
        "y": -0.0436269761687998,
        "z": 3.12464906748751
      },
      "scale": {
        "x": 2.5072706395892497,
        "y": 2.033369714518549,
        "z": 1.9585457029268807
      }
    }
  }
]