[
  {
    "obj_id": "133",
    "obj_type": "Motorcycle",
    "psr": {
      "position": {
        "x": 1.022576543438302,
        "y": 9.189772045753307,
        "z": -0.6769798539579118
      },
      "rotation": {
        "x": 0.05952462420777213,
        "y": 0.01373336502805431,
        "z": 1.7972802657090279
      },
      "scale": {
        "x": 2.180151190845205,
        "y": 0.7152962279981308,
        "z": 1.8090240526533872
      }
    }
  },
  {
    "obj_id": "144",
    "obj_type": "Car",
    "psr": {
      "position": {
        "x": -0.3091935716279789,
        "y": 14.878531967632616,
        "z": -0.5074887987103767
      },
      "rotation": {
        "x": 0.024018324423207314,
        "y": 0.016634811786392867,
        "z": 1.6944549790796748
      },
      "scale": {
        "x": 3.243580952586676,
        "y": 1.8637073862296685,
        "z": 1.47082285181069
      }
    }
  },
  {
    "obj_id": "146",
    "obj_type": "Car",
    "psr": {
      "position": {
        "x": -3.8736873502437437,
        "y": 14.42946772609805,
        "z": -0.710999995470047
      },
      "rotation": {
        "x": 0,
        "y": 0,
        "z": 1.5969762655748116
      },
      "scale": {
        "x": 3.3753006427148806,
        "y": 1.5244397399370282,
        "z": 1.7360000014305115
      }
    }
  },
  {
    "obj_id": "147",
    "obj_type": "Car",
    "psr": {
      "position": {
        "x": -4.5440897325112894,
        "y": -3.375428382874585,
        "z": -0.8654999864101409
      },
      "rotation": {
        "x": 0,
        "y": 0,
        "z": 1.413716694115407
      },
      "scale": {
        "x": 6.29051583107333,
        "y": 1.796091151890605,
        "z": 1.6089999675750732
      }
    }
  },
  {
    "obj_id": "148",
    "obj_type": "Car",
    "psr": {
      "position": {
        "x": -6.762339921081527,
        "y": -15.168618890960374,
        "z": -1.0294999927282333
      },
      "rotation": {
        "x": 0,
        "y": 0,
        "z": 1.387536755335492
      },
      "scale": {
        "x": 3.1652056249486584,
        "y": 1.792038921281589,
        "z": 1.43299999833107
      }
    }
  },
  {
    "obj_id": "150",
    "obj_type": "Car",
    "psr": {
      "position": {
        "x": -3.9817581995768836,
        "y": 25.589770666207283,
        "z": -0.3217923309667089
      },
      "rotation": {
        "x": 0,
        "y": 0,
        "z": 1.6043656622706122
      },
      "scale": {
        "x": 4.071065248599954,
        "y": 1.8383726427589338,
        "z": 2.260368883970518
      }
    }
  },
  {
    "obj_id": "151",
    "obj_type": "Car",
    "psr": {
      "position": {
        "x": 0.0388644540257701,
        "y": -17.372049402791617,
        "z": -1.0334999859333038
      },
      "rotation": {
        "x": 0,
        "y": 0,
        "z": 1.5969762655748116
      },
      "scale": {
        "x": 4.008101609604658,
        "y": 1.9998757731686336,
        "z": 1.7169999778270721
      }
    }
  },
  {
    "obj_id": "152",
    "obj_type": "Car",
    "psr": {
      "position": {
        "x": -1.855469883508249,
        "y": -9.42187080082931,
        "z": -1.1389999985694885
      },
      "rotation": {
        "x": 0,
        "y": 0,
        "z": 1.387536755335492
      },
      "scale": {
        "x": 3.9467131365324883,
        "y": 1.7552197842360981,
        "z": 1.5379999876022339
      }
    }
  },
  {
    "obj_id": "153",
    "obj_type": "Car",
    "psr": {
      "position": {
        "x": -4.5468058535220734,
        "y": 37.26658513814709,
        "z": -0.6339999437332153
      },
      "rotation": {
        "x": 0,
        "y": 0,
        "z": 1.6493361431346416
      },
      "scale": {
        "x": 4.447076437252289,
        "y": 1.5848325935778815,
        "z": 2.6619999408721924
      }
    }
  },
  {
    "obj_id": "156",
    "obj_type": "Car",
    "psr": {
      "position": {
        "x": -16.577426045559605,
        "y": 8.731125172691463,
        "z": -1.1193558204514085
      },
      "rotation": {
        "x": 0,
        "y": 0,
        "z": -1.5446163880149815
      },
      "scale": {
        "x": 4.644408987925315,
        "y": 1.723338843785093,
        "z": 1.7712882899557951
      }
    }
  },
  {
    "obj_id": "157",
    "obj_type": "Car",
    "psr": {
      "position": {
        "x": -13.258585579952165,
        "y": 17.29523036844308,
        "z": -1.032399331641606
      },
      "rotation": {
        "x": 0,
        "y": 0,
        "z": -1.4922565104551513
      },
      "scale": {
        "x": 5.538241196726192,
        "y": 1.9189089422181318,
        "z": 1.5447986823566981
      }
    }
  },
  {
    "obj_id": "164",
    "obj_type": "Car",
    "psr": {
      "position": {
        "x": -14.34560087591605,
        "y": -5.451395509207675,
        "z": -1.0669999718666077
      },
      "rotation": {
        "x": 0,
        "y": 0,
        "z": -1.7016960206944713
      },
      "scale": {
        "x": 2.2974165534481075,
        "y": 1.3880446703791995,
        "z": 1.3179999589920044
      }
    }
  },
  {
    "obj_id": "166",
    "obj_type": "Car",
    "psr": {
      "position": {
        "x": -13.779176438452575,
        "y": 29.70040383298488,
        "z": -0.6095000207424164
      },
      "rotation": {
        "x": 0,
        "y": 0,
        "z": -1.5446163880149815
      },
      "scale": {
        "x": 5.117353233024234,
        "y": 1.7870786379315735,
        "z": 1.7270000576972961
      }
    }
  },
  {
    "obj_id": "179",
    "obj_type": "Car",
    "psr": {
      "position": {
        "x": -16.384218779950977,
        "y": 25.477636905853036,
        "z": -0.7080000080168247
      },
      "rotation": {
        "x": 0,
        "y": 0,
        "z": -1.4922565104551522
      },
      "scale": {
        "x": 3.8651399038950056,
        "y": 1.4423881460059031,
        "z": 1.55400001257658
      }
    }
  },
  {
    "obj_id": "309",
    "obj_type": "Car",
    "psr": {
      "position": {
        "x": 10.970864002930341,
        "y": -4.374552604229673,
        "z": -0.49800001829862595
      },
      "rotation": {
        "x": 0,
        "y": 0,
        "z": 1.5969762655748114
      },
      "scale": {
        "x": 4.701061552534156,
        "y": 1.7033587168870246,
        "z": 1.4800000339746475
      }
    }
  },
  {
    "obj_id": "321",
    "obj_type": "Car",
    "psr": {
      "position": {
        "x": 11.860761460290696,
        "y": -9.772029160905499,
        "z": -0.3406634637986129
      },
      "rotation": {
        "x": 0,
        "y": 0,
        "z": 0.41972289269228175
      },
      "scale": {
        "x": 4.293790988096865,
        "y": 1.7814854476914763,
        "z": 1.8466731887510408
      }
    }
  },
  {
    "obj_id": "361",
    "obj_type": "Car",
    "psr": {
      "position": {
        "x": 9.708743419447279,
        "y": 32.483511425422,
        "z": 0.6615000218153
      },
      "rotation": {
        "x": 0,
        "y": 0,
        "z": -3.115412714809878
      },
      "scale": {
        "x": 2.9168506371428684,
        "y": 1.6516092454216706,
        "z": 2.0970000326633453
      }
    }
  }
]