[
  {
    "obj_id": "133",
    "obj_type": "Motorcycle",
    "psr": {
      "position": {
        "x": 1.3189661763568759,
        "y": 7.557551408304559,
        "z": -0.681018292391365
      },
      "rotation": {
        "x": 0.017399500718880183,
        "y": 0.001369300455246735,
        "z": 1.6493242302601068
      },
      "scale": {
        "x": 2.180151190845205,
        "y": 0.6748132177519097,
        "z": 1.6420000307261944
      }
    }
  },
  {
    "obj_id": "144",
    "obj_type": "Car",
    "psr": {
      "position": {
        "x": -0.12275263917712267,
        "y": 13.928301363823923,
        "z": -0.6102969083772151
      },
      "rotation": {
        "x": 0.04361829824198494,
        "y": 0.0011418226963937645,
        "z": 1.5969513594417508
      },
      "scale": {
        "x": 3.9741683757662996,
        "y": 2.1177011146857234,
        "z": 1.6229114214349967
      }
    }
  },
  {
    "obj_id": "146",
    "obj_type": "Car",
    "psr": {
      "position": {
        "x": -3.9574340596975603,
        "y": 13.923758420689552,
        "z": -0.7240000069141388
      },
      "rotation": {
        "x": 0,
        "y": 0,
        "z": 1.5620696805349248
      },
      "scale": {
        "x": 3.1745522359936444,
        "y": 1.5244397399370282,
        "z": 1.7360000014305115
      }
    }
  },
  {
    "obj_id": "147",
    "obj_type": "Car",
    "psr": {
      "position": {
        "x": -5.006662989589019,
        "y": -3.409131880082866,
        "z": -0.9644999802112579
      },
      "rotation": {
        "x": 0,
        "y": 0,
        "z": 1.3962634015954638
      },
      "scale": {
        "x": 5.351895114129849,
        "y": 1.796091151890605,
        "z": 1.6089999675750732
      }
    }
  },
  {
    "obj_id": "148",
    "obj_type": "Car",
    "psr": {
      "position": {
        "x": -7.387032105153082,
        "y": -15.531927667981055,
        "z": -1.0865000039339066
      },
      "rotation": {
        "x": 0,
        "y": 0,
        "z": 1.387536755335492
      },
      "scale": {
        "x": 3.1652056249486584,
        "y": 1.6793988976298155,
        "z": 1.43299999833107
      }
    }
  },
  {
    "obj_id": "150",
    "obj_type": "Car",
    "psr": {
      "position": {
        "x": -3.9323470817048474,
        "y": 24.947537879474112,
        "z": -0.4614999836683271
      },
      "rotation": {
        "x": 0,
        "y": 0,
        "z": 1.4398966328953222
      },
      "scale": {
        "x": 4.071065248599954,
        "y": 1.8383726427589338,
        "z": 1.668999969959259
      }
    }
  },
  {
    "obj_id": "151",
    "obj_type": "Car",
    "psr": {
      "position": {
        "x": -0.0637966530515588,
        "y": -15.743491761340714,
        "z": -1.0544999837875366
      },
      "rotation": {
        "x": 0,
        "y": 0,
        "z": 1.5969762655748116
      },
      "scale": {
        "x": 4.008101609604658,
        "y": 2.126968082075094,
        "z": 1.7169999778270721
      }
    }
  },
  {
    "obj_id": "152",
    "obj_type": "Car",
    "psr": {
      "position": {
        "x": -2.0531322283927693,
        "y": -8.42094007410924,
        "z": -1.1509999930858612
      },
      "rotation": {
        "x": 0,
        "y": 0,
        "z": 1.335176877775662
      },
      "scale": {
        "x": 3.9467131365324883,
        "y": 1.7552197842360981,
        "z": 1.5379999876022339
      }
    }
  },
  {
    "obj_id": "153",
    "obj_type": "Car",
    "psr": {
      "position": {
        "x": -4.348631103786829,
        "y": 36.276531149215316,
        "z": -0.24699997901916498
      },
      "rotation": {
        "x": 0,
        "y": 0,
        "z": 1.701696020694471
      },
      "scale": {
        "x": 4.447076437252289,
        "y": 1.5848325935778815,
        "z": 2.6619999408721924
      }
    }
  },
  {
    "obj_id": "156",
    "obj_type": "Car",
    "psr": {
      "position": {
        "x": -16.713679368637766,
        "y": 15.399599822823923,
        "z": -1.0565384591291276
      },
      "rotation": {
        "x": 0,
        "y": 0,
        "z": -1.5707963267948963
      },
      "scale": {
        "x": 4.644408987925315,
        "y": 1.723338843785093,
        "z": 1.5089229749302215
      }
    }
  },
  {
    "obj_id": "157",
    "obj_type": "Car",
    "psr": {
      "position": {
        "x": -13.424342527613845,
        "y": 24.01041759044498,
        "z": -0.7999952703565243
      },
      "rotation": {
        "x": 0,
        "y": 0,
        "z": -1.486244998934236
      },
      "scale": {
        "x": 4.637073967166607,
        "y": 1.9189089422181318,
        "z": 1.5447986823566981
      }
    }
  },
  {
    "obj_id": "159",
    "obj_type": "Car",
    "psr": {
      "position": {
        "x": -10.758925691158435,
        "y": -3.367627400936446,
        "z": -1.1935000121593475
      },
      "rotation": {
        "x": 0,
        "y": 0,
        "z": -1.7016960206944711
      },
      "scale": {
        "x": 3.0893725568699746,
        "y": 1.6414936267279536,
        "z": 1.3889999985694885
      }
    }
  },
  {
    "obj_id": "163",
    "obj_type": "Car",
    "psr": {
      "position": {
        "x": -14.038261885129618,
        "y": -0.4543506645047224,
        "z": -1.2740000635385513
      },
      "rotation": {
        "x": 0,
        "y": 0,
        "z": -1.6493361431346418
      },
      "scale": {
        "x": 4.1665232834786625,
        "y": 1.6167686610986642,
        "z": 1.7120001018047333
      }
    }
  },
  {
    "obj_id": "165",
    "obj_type": "Car",
    "psr": {
      "position": {
        "x": -14.109788499511335,
        "y": 35.59891466387157,
        "z": -0.528999999165535
      },
      "rotation": {
        "x": 0,
        "y": 0,
        "z": -1.544616388014982
      },
      "scale": {
        "x": 2.3256484565240267,
        "y": 1.8937922455272975,
        "z": 1.7840000092983246
      }
    }
  },
  {
    "obj_id": "308",
    "obj_type": "Car",
    "psr": {
      "position": {
        "x": 10.942833619076975,
        "y": -1.8654969916797524,
        "z": -0.526500016450882
      },
      "rotation": {
        "x": 0,
        "y": 0,
        "z": 1.5969762655748114
      },
      "scale": {
        "x": 4.686815473117931,
        "y": 1.7014907727012887,
        "z": 1.51500004529953
      }
    }
  },
  {
    "obj_id": "319",
    "obj_type": "Car",
    "psr": {
      "position": {
        "x": 11.842809653679767,
        "y": -7.304338207792556,
        "z": -0.2919999659061432
      },
      "rotation": {
        "x": 0,
        "y": 0,
        "z": 0.3926990816987241
      },
      "scale": {
        "x": 4.197123344095893,
        "y": 1.734708507540101,
        "z": 1.581999957561493
      }
    }
  }
]