[
  {
    "obj_id": "133",
    "obj_type": "Motorcycle",
    "psr": {
      "position": {
        "x": 0.6424502731169108,
        "y": 20.197907759179998,
        "z": -0.514800211841692
      },
      "rotation": {
        "x": 0.0608638346760421,
        "y": 0.00016105005792082302,
        "z": 1.5613295286649973
      },
      "scale": {
        "x": 2.180151190845205,
        "y": 0.9392525040505403,
        "z": 1.9476202364163484
      }
    }
  },
  {
    "obj_id": "144",
    "obj_type": "Car",
    "psr": {
      "position": {
        "x": -0.2087118650096369,
        "y": 27.570519157016516,
        "z": -0.3979179489132869
      },
      "rotation": {
        "x": -0.013108591075247143,
        "y": 0.00044964054042687953,
        "z": 1.5805761552944408
      },
      "scale": {
        "x": 3.192769904917945,
        "y": 2.1177011146857234,
        "z": 1.8733240726154234
      }
    }
  },
  {
    "obj_id": "146",
    "obj_type": "Car",
    "psr": {
      "position": {
        "x": -3.5634041596920025,
        "y": 16.99480971997855,
        "z": -0.6959999948740005
      },
      "rotation": {
        "x": 0,
        "y": 0,
        "z": 1.5882496193148399
      },
      "scale": {
        "x": 3.5214221110618373,
        "y": 1.6374162423060812,
        "z": 1.7360000014305115
      }
    }
  },
  {
    "obj_id": "147",
    "obj_type": "Car",
    "psr": {
      "position": {
        "x": -3.1844741482918835,
        "y": -4.271246159037446,
        "z": -0.9824999868869781
      },
      "rotation": {
        "x": 0,
        "y": 0,
        "z": 1.5620696805349255
      },
      "scale": {
        "x": 4.399369031354023,
        "y": 1.796091151890605,
        "z": 1.6089999675750732
      }
    }
  },
  {
    "obj_id": "148",
    "obj_type": "Car",
    "psr": {
      "position": {
        "x": -0.06827165162268928,
        "y": -15.817834821947349,
        "z": -1.1584999734163284
      },
      "rotation": {
        "x": 0,
        "y": 0,
        "z": 1.5479030304721215
      },
      "scale": {
        "x": 3.665011320207932,
        "y": 1.792038921281589,
        "z": 1.43299999833107
      }
    }
  },
  {
    "obj_id": "149",
    "obj_type": "Car",
    "psr": {
      "position": {
        "x": -3.272963768235968,
        "y": -16.273508096605497,
        "z": -1.149999976158142
      },
      "rotation": {
        "x": 0,
        "y": 0,
        "z": 1.4922565104551515
      },
      "scale": {
        "x": 3.3652076788930616,
        "y": 1.6515031292583817,
        "z": 1.6579999327659607
      }
    }
  },
  {
    "obj_id": "150",
    "obj_type": "Car",
    "psr": {
      "position": {
        "x": -3.8277233642015744,
        "y": 29.46895680183752,
        "z": -0.29262376503380255
      },
      "rotation": {
        "x": 0,
        "y": 0,
        "z": 1.5969762655748116
      },
      "scale": {
        "x": 4.033512193663896,
        "y": 1.8383726427589338,
        "z": 2.1177057496324196
      }
    }
  },
  {
    "obj_id": "153",
    "obj_type": "Car",
    "psr": {
      "position": {
        "x": -4.536039268224613,
        "y": 42.869845103409034,
        "z": -0.6243623268437202
      },
      "rotation": {
        "x": 0,
        "y": 0,
        "z": 1.5969762655748116
      },
      "scale": {
        "x": 4.693005582270039,
        "y": 2.3325347555928806,
        "z": 3.588724567856752
      }
    }
  },
  {
    "obj_id": "200",
    "obj_type": "Car",
    "psr": {
      "position": {
        "x": -12.336772338620108,
        "y": -6.087623185094144,
        "z": -1.1389999985694885
      },
      "rotation": {
        "x": 0,
        "y": 0,
        "z": -1.5446163880149815
      },
      "scale": {
        "x": 5.388821192717093,
        "y": 1.6496976789813385,
        "z": 1.5540000200271606
      }
    }
  },
  {
    "obj_id": "206",
    "obj_type": "Car",
    "psr": {
      "position": {
        "x": -16.066184894789668,
        "y": -0.8978165518956468,
        "z": -1.2870000004768372
      },
      "rotation": {
        "x": 0,
        "y": 0,
        "z": -1.5446163880149815
      },
      "scale": {
        "x": 5.828816477772131,
        "y": 2.0476197400194547,
        "z": 1.7940000295639038
      }
    }
  },
  {
    "obj_id": "215",
    "obj_type": "Car",
    "psr": {
      "position": {
        "x": -12.853694681493238,
        "y": 11.334067306002561,
        "z": -1.1699999868869781
      },
      "rotation": {
        "x": 0,
        "y": 0,
        "z": -1.5446163880149815
      },
      "scale": {
        "x": 5.2424654166355165,
        "y": 1.7430645645526703,
        "z": 1.8379999995231628
      }
    }
  },
  {
    "obj_id": "225",
    "obj_type": "Car",
    "psr": {
      "position": {
        "x": -15.976893354183481,
        "y": 21.363489133209647,
        "z": -0.8804999887943268
      },
      "rotation": {
        "x": 0,
        "y": 0,
        "z": -1.5446163880149815
      },
      "scale": {
        "x": 3.629137482441366,
        "y": 1.58367436319823,
        "z": 1.4829999804496765
      }
    }
  },
  {
    "obj_id": "339",
    "obj_type": "Car",
    "psr": {
      "position": {
        "x": 8.517597698115528,
        "y": 19.365775410999007,
        "z": 0.0074999928474425714
      },
      "rotation": {
        "x": 0,
        "y": 0,
        "z": 1.5969762655748114
      },
      "scale": {
        "x": 4.104823947757833,
        "y": 1.547238108699103,
        "z": 1.6269999742507935
      }
    }
  },
  {
    "obj_id": "371",
    "obj_type": "Car",
    "psr": {
      "position": {
        "x": 10.37544300222929,
        "y": 11.787988440105714,
        "z": 0.07572089099280338
      },
      "rotation": {
        "x": 0,
        "y": 0,
        "z": -3.1225235095466473
      },
      "scale": {
        "x": 3.2145970315878563,
        "y": 2.009625233418508,
        "z": 1.912558109295521
      }
    }
  },
  {
    "obj_id": "392",
    "obj_type": "Pedestrian",
    "psr": {
      "position": {
        "x": 6.490494608884023,
        "y": 20.539335048724936,
        "z": -0.028500020503997803
      },
      "rotation": {
        "x": 0,
        "y": 0,
        "z": 1.6493361431346414
      },
      "scale": {
        "x": 0.5523115467830089,
        "y": 1.0207739987821298,
        "z": 1.5429999828338623
      }
    }
  }
]