[
  {
    "obj_id": "133",
    "obj_type": "Motorcycle",
    "psr": {
      "position": {
        "x": 0.533661660540468,
        "y": 18.013316753366446,
        "z": -0.5358101246454758
      },
      "rotation": {
        "x": 0,
        "y": 0,
        "z": 1.605702911834784
      },
      "scale": {
        "x": 2.180151190845205,
        "y": 0.9392525040505403,
        "z": 1.9476202364163484
      }
    }
  },
  {
    "obj_id": "144",
    "obj_type": "Car",
    "psr": {
      "position": {
        "x": -0.7208313625515026,
        "y": 24.036221450906663,
        "z": 0.0045606316303499345
      },
      "rotation": {
        "x": 0.03929282876921379,
        "y": -0.0015118225097034042,
        "z": 1.5425305542477326
      },
      "scale": {
        "x": 3.192769904917945,
        "y": 2.1177011146857234,
        "z": 1.5794063243478118
      }
    }
  },
  {
    "obj_id": "146",
    "obj_type": "Car",
    "psr": {
      "position": {
        "x": -3.6525571173781577,
        "y": 16.617121760818446,
        "z": -0.6879999935626984
      },
      "rotation": {
        "x": 0,
        "y": 0,
        "z": 1.6231562043547263
      },
      "scale": {
        "x": 3.5214221110618373,
        "y": 1.6374162423060812,
        "z": 1.7360000014305115
      }
    }
  },
  {
    "obj_id": "147",
    "obj_type": "Car",
    "psr": {
      "position": {
        "x": -3.2549312178235246,
        "y": -3.0317032816960188,
        "z": -1.041499987244606
      },
      "rotation": {
        "x": 0,
        "y": 0,
        "z": 1.544616388014982
      },
      "scale": {
        "x": 4.399369031354023,
        "y": 1.796091151890605,
        "z": 1.6089999675750732
      }
    }
  },
  {
    "obj_id": "148",
    "obj_type": "Car",
    "psr": {
      "position": {
        "x": -3.8442341786430916,
        "y": -15.718964224746856,
        "z": -1.3685000091791153
      },
      "rotation": {
        "x": 0,
        "y": 0,
        "z": 1.4922565104551515
      },
      "scale": {
        "x": 3.307949977777847,
        "y": 1.792038921281589,
        "z": 1.43299999833107
      }
    }
  },
  {
    "obj_id": "150",
    "obj_type": "Car",
    "psr": {
      "position": {
        "x": -3.830356247427833,
        "y": 28.80650079289365,
        "z": -0.08764976495080043
      },
      "rotation": {
        "x": 0,
        "y": 0,
        "z": 1.544616388014982
      },
      "scale": {
        "x": 4.033512193663896,
        "y": 1.8383726427589338,
        "z": 1.8572995709095965
      }
    }
  },
  {
    "obj_id": "152",
    "obj_type": "Car",
    "psr": {
      "position": {
        "x": -0.36575566262627035,
        "y": -14.79871894565531,
        "z": -1.418999969959259
      },
      "rotation": {
        "x": 0,
        "y": 0,
        "z": 1.4922565104551515
      },
      "scale": {
        "x": 3.9467131365324883,
        "y": 1.7552197842360981,
        "z": 1.5379999876022339
      }
    }
  },
  {
    "obj_id": "153",
    "obj_type": "Car",
    "psr": {
      "position": {
        "x": -4.27885098840448,
        "y": 40.53533712186626,
        "z": 0.18963768364669725
      },
      "rotation": {
        "x": 0,
        "y": 0,
        "z": 1.5396604306387092
      },
      "scale": {
        "x": 4.693005582270039,
        "y": 2.0326916742673986,
        "z": 3.588724567856752
      }
    }
  },
  {
    "obj_id": "196",
    "obj_type": "Car",
    "psr": {
      "position": {
        "x": -12.692994219718411,
        "y": 10.594660682834771,
        "z": -1.053212106065679
      },
      "rotation": {
        "x": -0.0012187166763510985,
        "y": 0.034885312258539615,
        "z": -1.5358684819403592
      },
      "scale": {
        "x": 4.8576313866681,
        "y": 1.973480511430836,
        "z": 1.7618220846660952
      }
    }
  },
  {
    "obj_id": "203",
    "obj_type": "Car",
    "psr": {
      "position": {
        "x": -15.919918448220097,
        "y": 15.882140567568173,
        "z": -0.9124999865889549
      },
      "rotation": {
        "x": 0,
        "y": 0,
        "z": -1.544616388014982
      },
      "scale": {
        "x": 3.32601386848418,
        "y": 0.734354120264815,
        "z": 1.4749999791383743
      }
    }
  },
  {
    "obj_id": "212",
    "obj_type": "Car",
    "psr": {
      "position": {
        "x": -13.342926626476924,
        "y": 27.6049724855094,
        "z": -0.8124999776482582
      },
      "rotation": {
        "x": 0,
        "y": 0,
        "z": -1.5446163880149815
      },
      "scale": {
        "x": 4.1349238364940915,
        "y": 1.4879072803497273,
        "z": 1.3169999569654465
      }
    }
  },
  {
    "obj_id": "369",
    "obj_type": "Car",
    "psr": {
      "position": {
        "x": 12.158698998545761,
        "y": 12.995212075942852,
        "z": 0.34700000286102295
      },
      "rotation": {
        "x": 0,
        "y": 0,
        "z": -3.0630528372500487
      },
      "scale": {
        "x": 6.524588067267983,
        "y": 3.028441041353377,
        "z": 2.3919999599456787
      }
    }
  }
]