[
  {
    "obj_id": "133",
    "obj_type": "Motorcycle",
    "psr": {
      "position": {
        "x": 0.6921004341822029,
        "y": 15.901716277952742,
        "z": -0.5278101114132445
      },
      "rotation": {
        "x": 0,
        "y": 0,
        "z": 1.6580627893946136
      },
      "scale": {
        "x": 2.180151190845205,
        "y": 0.9392525040505403,
        "z": 1.9476202364163484
      }
    }
  },
  {
    "obj_id": "144",
    "obj_type": "Car",
    "psr": {
      "position": {
        "x": -0.4453767458382629,
        "y": 21.293007102351453,
        "z": -0.44456376179824253
      },
      "rotation": {
        "x": 0,
        "y": 0,
        "z": 1.6030533949012056
      },
      "scale": {
        "x": 3.3956695222109827,
        "y": 2.1177011146857234,
        "z": 1.5794063243478118
      }
    }
  },
  {
    "obj_id": "146",
    "obj_type": "Car",
    "psr": {
      "position": {
        "x": -3.6378668893855983,
        "y": 16.173882778898058,
        "z": -0.7639999985694885
      },
      "rotation": {
        "x": 0,
        "y": 0,
        "z": 1.6057029118347825
      },
      "scale": {
        "x": 3.5214221110618373,
        "y": 1.6374162423060812,
        "z": 1.7360000014305115
      }
    }
  },
  {
    "obj_id": "147",
    "obj_type": "Car",
    "psr": {
      "position": {
        "x": -3.3805015108641783,
        "y": -2.4147012481648744,
        "z": -0.9434999823570251
      },
      "rotation": {
        "x": 0,
        "y": 0,
        "z": 1.5184364492350668
      },
      "scale": {
        "x": 4.399369031354023,
        "y": 1.796091151890605,
        "z": 1.6089999675750732
      }
    }
  },
  {
    "obj_id": "148",
    "obj_type": "Car",
    "psr": {
      "position": {
        "x": -4.464322874483969,
        "y": -15.19772606758761,
        "z": -1.0664999932050705
      },
      "rotation": {
        "x": 0,
        "y": 0,
        "z": 1.4398966328953218
      },
      "scale": {
        "x": 3.307949977777847,
        "y": 1.792038921281589,
        "z": 1.43299999833107
      }
    }
  },
  {
    "obj_id": "150",
    "obj_type": "Car",
    "psr": {
      "position": {
        "x": -3.692997584631314,
        "y": 28.012206233957464,
        "z": -0.39364975922875456
      },
      "rotation": {
        "x": 0,
        "y": 0,
        "z": 1.570796326794897
      },
      "scale": {
        "x": 4.033512193663896,
        "y": 1.8383726427589338,
        "z": 1.8572995709095965
      }
    }
  },
  {
    "obj_id": "152",
    "obj_type": "Car",
    "psr": {
      "position": {
        "x": -0.6668995787199492,
        "y": -13.587842492056097,
        "z": -1.1299999952316284
      },
      "rotation": {
        "x": 0,
        "y": 0,
        "z": 1.4922565104551515
      },
      "scale": {
        "x": 3.9467131365324883,
        "y": 1.7552197842360981,
        "z": 1.5379999876022339
      }
    }
  },
  {
    "obj_id": "153",
    "obj_type": "Car",
    "psr": {
      "position": {
        "x": -4.135073045025683,
        "y": 40.68196776590902,
        "z": -0.3753622543644721
      },
      "rotation": {
        "x": 0,
        "y": 0,
        "z": 1.6929693744344996
      },
      "scale": {
        "x": 4.280456550272128,
        "y": 1.8012284158582768,
        "z": 3.588724567856752
      }
    }
  },
  {
    "obj_id": "174",
    "obj_type": "Car",
    "psr": {
      "position": {
        "x": -12.665421634570043,
        "y": -1.629130753796691,
        "z": -1.1379999741911888
      },
      "rotation": {
        "x": 0,
        "y": 0,
        "z": -1.5969762655748116
      },
      "scale": {
        "x": 4.974447052309138,
        "y": 1.7492335336001479,
        "z": 1.869999960064888
      }
    }
  },
  {
    "obj_id": "187",
    "obj_type": "Car",
    "psr": {
      "position": {
        "x": -16.002689390536506,
        "y": -8.371067978799429,
        "z": -1.2494999766349792
      },
      "rotation": {
        "x": 0,
        "y": 0,
        "z": -1.6493361431346418
      },
      "scale": {
        "x": 3.2028299038959833,
        "y": 1.5953535874248326,
        "z": 1.8249999284744263
      }
    }
  },
  {
    "obj_id": "192",
    "obj_type": "Car",
    "psr": {
      "position": {
        "x": -12.940993198063332,
        "y": 22.83545647038783,
        "z": -0.9795000106096268
      },
      "rotation": {
        "x": 0,
        "y": 0,
        "z": -1.5446163880149815
      },
      "scale": {
        "x": 4.2238076244218234,
        "y": 1.731259089971423,
        "z": 1.4550000131130219
      }
    }
  },
  {
    "obj_id": "317",
    "obj_type": "Car",
    "psr": {
      "position": {
        "x": 11.111106134473731,
        "y": -18.221764226065478,
        "z": -0.6164999939501286
      },
      "rotation": {
        "x": 0,
        "y": 0,
        "z": 1.587889775230389
      },
      "scale": {
        "x": 3.9198203131833322,
        "y": 1.748659451843576,
        "z": 1.138999991118908
      }
    }
  },
  {
    "obj_id": "366",
    "obj_type": "Car",
    "psr": {
      "position": {
        "x": 11.889508998353573,
        "y": 18.749733581667456,
        "z": 0.11800003051757812
      },
      "rotation": {
        "x": 0,
        "y": 0,
        "z": -3.0630528372500487
      },
      "scale": {
        "x": 6.160138477723033,
        "y": 2.5716800757076532,
        "z": 1.8940000534057617
      }
    }
  }
]